person_id,cpgt_dim_1,cpgt_dim_2,cpgt_dim_3,cpgt_dim_4,cpgt_dim_5,cpgt_dim_6,cpgt_dim_7,cpgt_dim_8,cpgt_dim_9,cpgt_dim_10,cpgt_dim_11,cpgt_dim_12,cpgt_dim_13,cpgt_dim_14,cpgt_dim_15,cpgt_dim_16,cpgt_dim_17,cpgt_dim_18,cpgt_dim_19,cpgt_dim_20,cpgt_dim_21,cpgt_dim_22,cpgt_dim_23,cpgt_dim_24,cpgt_dim_25,cpgt_dim_26,cpgt_dim_27,cpgt_dim_28,cpgt_dim_29,cpgt_dim_30,cpgt_dim_31,cpgt_dim_32,cpgt_dim_33,cpgt_dim_34,cpgt_dim_35,cpgt_dim_36,cpgt_dim_37,cpgt_dim_38,cpgt_dim_39,cpgt_dim_40,cpgt_dim_41,cpgt_dim_42,cpgt_dim_43,cpgt_dim_44,cpgt_dim_45,cpgt_dim_46,cpgt_dim_47,cpgt_dim_48,cpgt_dim_49,cpgt_dim_50,cpgt_dim_51,cpgt_dim_52,cpgt_dim_53,cpgt_dim_54,cpgt_dim_55,cpgt_dim_56,cpgt_dim_57,cpgt_dim_58,cpgt_dim_59,cpgt_dim_60,cpgt_dim_61,cpgt_dim_62,cpgt_dim_63,cpgt_dim_64,measurement_date
80,-0.18558676133705143,-0.13948673383568075,0.30611502548256786,-0.07222795886554033,-0.02412938147393381,-0.46368962590785223,0.6123173015847472,-0.808021841372998,0.32784098725918015,-0.24041666462156855,-1.0652227324568617,0.06520006296754674,-0.3282372523277019,-0.26239085997219436,0.20145842966908126,-0.6209029617477259,-0.6314361593275506,-0.3566019269679416,-0.4767499356966742,0.16577491626727953,-0.31649918466174637,0.5543365391502666,0.1376663303231975,-0.15077775649676614,0.3196032470909011,0.4498469095207679,0.550378640476722,-0.29823151976571827,-0.9941931506158216,-0.10918793489942591,0.8520779906142194,0.5086205948802682,0.12591077345784707,1.1214314363066555,-0.12202558813245631,-0.8000352358038068,-0.41487156593106406,0.051637002809950976,0.037346743448639176,-0.20495563388386598,0.00652346262002217,0.3749457661571409,-0.3251962917141459,0.1804704644984938,0.4955883282657726,-0.05404586346141691,0.5992006273998467,-0.7006662135901944,-0.8331753775477332,0.23111695932937668,0.2796471756690234,1.8477854190804832,0.22193319133381562,0.18399234054524963,0.2237967054797225,-0.6447263589886684,0.11746882049820083,-0.8220499940710312,-0.1845867144031506,-0.4929163100054301,0.1016484949478293,-0.13251226512641356,-0.8869585383991343,-0.3051201517787672,2020-04-01
19,-0.4920179322842659,0.40435464563803314,0.8471663309123703,0.4357305693140302,-0.6487034184593864,0.7764636241475443,-0.24915520861246526,0.711960363694311,0.8800141058025395,-0.05372485666108667,-1.066667307662264,-0.454039783503627,-0.4982886372839867,-0.6128864438866605,-0.2731621936997533,0.860423974544828,1.1642224449343224,0.13205947922540912,0.4522696417653094,-0.11050184787229711,0.6086548125438804,0.8014222235683559,-0.14633788801709927,-0.29267269574825283,0.7436569791738182,-0.4263363490661575,0.34683940707778493,-0.10535970002030945,-0.17093130841947296,0.0026605789509684275,-0.5668026215172433,0.09454216614324366,0.2621971159877333,0.014364063682778708,-0.7965415988669492,0.11784024201873934,0.8602367648139855,-0.26627847651295455,0.0643788614766699,-0.4205199608093138,-0.4678022382168821,0.6746145109401831,-1.0486304747806137,0.5265814354363545,0.1745215400713525,0.628308190956027,-0.856286366238585,-0.34577502325435655,0.12383967366106073,-0.21178912880560072,0.2504985442433502,-0.4347489218395417,0.3929627891284523,0.2869424902865431,-0.5344984832922078,0.060042562708552814,0.6238952311808007,-0.549384981105343,0.23778726918206694,0.5231606936050958,-1.7189085440305083,0.2837647850275746,-0.49684411656085997,0.0027884427796772133,2020-04-02
1,0.22498963159813462,0.35257486186428005,0.3496414614649147,-0.4697162825825875,-0.19602067404149495,-0.6329924555564291,0.17679087601744334,-0.19511305747475075,-0.5109862237117715,0.485262319129824,0.5285623404134919,-0.4547442802198051,0.7118048673477342,0.2091666320489188,-0.6492472806974797,-0.14696618369710532,0.4487459224241114,0.47785624018374506,0.36538845895512345,0.04469407372154466,0.5586611370847745,-0.5034675606375342,0.46531929629142416,-0.26993259070692327,-0.05365385633539289,-0.2827788423387793,0.15908038010190903,-0.12373004750493484,0.07482053437849254,0.2042435731134862,-0.20725868178252196,-0.5629866374334381,0.6076015943994059,-0.2682328083826562,-0.28253663450776484,0.2656297809308148,-0.26027972842261315,-1.1715743811363515,0.31618734717108576,-1.0684602642018295,-0.3398334422167274,-0.3282335545371773,-0.37900494106012683,0.5741655324435743,-0.3029526189378979,-0.48695790328850175,-0.4006435628717296,0.056305437667732466,-0.1940174889820732,-0.18506252212048063,-1.0671209221655296,-0.18420939261801578,0.27893547329815627,-0.18072813552627423,-0.07696400855899198,0.24368454452132823,0.18432709003107764,-0.1490189594023194,0.18361443694073967,-0.07034825002865149,-0.5618106020032988,-0.18093993680275894,-0.3814880042212198,0.20518053591182478,2020-04-03
98,0.15896872456107877,0.01179507986779804,0.2621337180388191,-0.6055095766657,-0.03150819339292571,0.3776917290496641,0.18768035658091609,-0.42334882791121947,-0.13650515281586503,0.07279825469881651,-0.42187129199909695,0.7157970997661507,-0.02835613411611717,0.037939170436221435,0.04288344550600551,-0.33389362201417266,-0.5789935111723977,0.49475793108825256,0.6066491299264933,0.020070829107824397,-0.2184360976028953,0.4897069168230158,0.5422431270099548,0.23923990615881738,-0.14936915174427173,0.24668104107212369,-1.0903684862616652,-0.14697360188938383,0.17494528763951125,-0.7377583053503363,-0.2641433556671529,-0.09599958360884948,-0.23439792543402793,-0.3546239145879636,0.5669791183544045,0.047453404285847156,-0.7207623847357142,-0.3735737835656154,-0.06762394129743825,-1.085964773196612,-0.11025259880812277,0.07353332992833768,0.10354881304913612,0.08412986844076292,-0.1361493089560257,0.5309875913330043,-0.11971898475210772,-1.175425069040013,-0.18791431609104278,-0.13660740822958994,-0.5272762404378377,0.7591690443140032,0.06747574523728879,-0.12449152744548803,0.6014076319705366,-0.8606147597101158,-0.5955702041432168,-1.387018023095762,1.0085819667761862,0.4871262683197416,0.48620293341651977,0.9620436034296628,0.3047863910051577,-0.9260936385337809,2020-04-04
44,0.07777343607389309,-0.9986000813672684,-0.4256124206858183,0.805736490824718,0.28192659544302817,0.08378763895052223,0.1541074355615212,-0.2282227815975026,0.407532416498324,-0.3045470029922903,0.5358640493283476,-0.09628110573480111,-0.15749340331324072,-1.0176545228120022,0.38734909287516367,1.5741176241279962,-0.5449628767635765,0.8478858112128258,-0.4815443154062338,-0.13612680201323812,0.10852682487897307,0.772731116200123,-0.5589871476845463,0.4475158707141004,-0.47466252418934474,0.06396618193516909,0.6916383084717727,-0.026305106810356742,0.2872630614092864,-0.23763757385064377,-0.3717962198263229,-0.39081412063945753,-0.0041626838130338776,0.617234116227974,-1.1902293879178487,-0.8191418796120078,0.19257345601893203,0.21033344451400537,-0.3567288133804419,0.6133404350553425,-0.24380007762979578,-0.022775673973372237,-0.4698014003364892,0.6163811767845441,0.03566969211341688,-0.6387003026455761,-0.2492557256932142,-0.8200345058174984,0.17665185589236812,0.2897361038880171,-0.47591772322141396,0.9208214928633571,-1.1072228348786834,0.22622705852801364,-0.590433900361067,-0.4035641713321911,-0.3899195648769103,0.47472842646578123,0.31293474580728214,0.017147811662684777,-0.11725244853777056,-0.07011466779810162,-0.19852838195180822,0.4023914700505928,2020-04-05
40,0.03373835714020496,0.2751231292107169,-0.12802277525400307,-0.27928649993580534,0.6028355509786478,0.07799122001883117,-0.3321855067909899,0.22009320104871546,0.057741066076581395,0.5550829371126413,-0.4619789305841995,-0.3512246242803447,-0.23967283437795342,-0.08692293677672092,0.8427085868344193,-0.137345966971728,0.6154137464678373,-0.2526430255320657,0.11586613552113827,0.6428811959392488,-0.33220644726779847,0.08427810301143575,-0.373124711165177,0.14653763040560933,1.3705691146002477,-0.6027736580230584,0.3517241390598264,-0.8187903040102267,0.2985694780665231,0.6702934544012035,-0.5678887609351365,0.08604574252780778,0.34393256357962526,0.11047685565542231,-0.19087128026041675,0.3597495178221716,-0.2698066639594378,-0.0054152660890405,0.19332107606879675,0.35868789272858537,0.28092888052938647,-0.7568067304473903,0.5526223697687493,-0.5165246933058395,-0.6720058606349654,0.2555399249471755,0.4633289735313091,-0.6237310480555959,0.07389727553767816,-0.5331466470490193,0.09458471407929975,-0.5862073520811932,0.11660788238372792,0.13506583450985205,0.22524757089591027,0.49468050087672555,-0.9535599333898795,-0.5961920345219208,0.5646594375609634,0.9595195086183905,0.13793573104842732,0.6566568827468314,-0.21504083951847033,-0.655454495433834,2020-04-06
46,0.03212265885274465,0.04448544628498964,0.24073546787069816,0.04874966843083398,-0.9533699444211795,0.6170073625391016,0.9080756901645433,-0.6415984033953316,-0.29188227053329563,-0.2577277052088985,-0.5180408282450429,0.10056070823743092,0.3680044283093994,0.4145681384693292,0.3830720361788787,0.15000213749843713,-0.33793665821506663,-0.1949525616106566,-0.8852435655128742,-0.6501305094506812,-0.001710797867751919,-0.29956472309771204,-0.2425374070578551,0.09355231424492702,-0.23415562181580624,0.4517205968215131,-0.18947805245423466,0.6249770417563973,0.11791495480282241,0.188662732183998,-0.09183456475280635,0.12548223098909292,-0.10526309445057083,0.08790235726176884,-0.23340470866139837,-0.08592804469477876,0.18265376410647594,-1.1884911524792978,0.7592252335295777,-0.3206257785202461,0.17135524706716213,-0.2335110099153705,0.1704308761680356,0.07503147203902022,-0.7325185201914175,-0.5510000571786906,0.1988355522048777,-0.66464171843478,-0.9765566929105165,-0.10369545597953843,0.49288189184957726,-0.30213016339945387,0.2910279036905262,0.7583222284629854,-0.31106840446064477,-0.39982673621159115,0.3235667933041857,0.9106010460751377,0.7215002799241351,0.18390059934763053,0.39966472358466004,0.2177198795035703,-0.6977315821185198,-0.1729388966442712,2020-04-07
11,0.4448319868730263,-0.0885491660602324,0.8264334266444874,-0.2792042829933681,-1.1050899690448097,0.7946465295884759,0.10403131825374534,-0.10542219176312224,0.5978024374319693,-0.3273040798578031,0.17631219909432308,-0.05056647397122579,0.04698348757577433,0.6960826578137537,-0.6386313861456041,0.5122069974953666,-0.12991148794533855,0.10903694817626008,-0.5751243544780396,-0.33068800590390257,-0.20500191103462836,-0.4800126879900883,-0.5751182887231492,0.05988903747341544,0.511134981044444,0.5259333570602918,-0.44013822860786006,0.3521460624338563,0.2698987649948158,0.8276429008855817,0.1305892255330401,-0.21012729603101452,0.1357523055833181,0.1237478260008847,-0.01956749370179198,0.0716281460899297,-0.22193276838096643,-0.2524238622607692,-0.4343179419982393,-0.27144811893705323,-0.10851922219995139,-1.1155865334259092,-0.4772375874450334,-0.6421096614384436,0.6688906844789502,-0.23958480653784242,0.13235076370175333,0.19236395711082077,0.32282882212618635,0.3360818243064637,-0.6462989378855526,0.1773858363198693,0.9703327780049558,1.0591040799556173,-0.24502930556212116,-0.08519147069043637,0.012675558211523883,-0.05415060741967221,0.8548159627065575,0.4535893574787332,0.12757029720641513,0.1825186223705965,-0.45046805804697904,-0.11482694861427223,2020-04-08
100,-0.4228871255572127,0.1276109029523049,-0.24220426323419994,-0.6054103235710625,-0.20294562492858711,-0.14211950787444164,-0.8454340472219366,0.21167330814941368,0.2780581113652399,0.0701136528556937,0.7395197738937829,-0.14685833143429528,-0.293645873894409,0.386585406349752,0.0771259066083403,-0.014410001867069342,0.5679453241486988,-0.940580391205106,0.021328559437399915,-0.36479449814396886,0.24500443835201058,-0.4846657159300773,-0.6004130806658469,0.4063349480574018,0.3017284266053593,0.8076522872924649,0.055474473334638695,-0.19521454628711213,0.2683166635865669,0.3653942851327865,-0.18609374405957557,-0.48301941312961555,0.7409442094150596,0.7658571887338309,0.6883600114957606,0.6447385612408855,-0.18541709517017185,0.8889535946577963,-0.10078650369097515,0.18621852252486662,-0.14689370728541115,-0.27907817164128995,0.9069155285543633,-0.7606488393806589,0.9227660125678105,0.14916117707860724,-0.32869563598507584,0.16018983487857585,0.19815484440469322,0.8236530012078181,0.768522544205457,-0.516569748842571,0.33916795729683485,-0.8875698126417557,0.17560985749336172,-0.9674524248416541,-0.5847441605682894,0.4914982377206227,-0.01119503950685062,-0.13484168998254412,-0.023526548149262853,-0.6506673735599356,0.8623544605431147,0.6255885791179375,2020-04-09
66,-0.588988197710037,-0.055326541595835804,-0.07141333732363839,0.38301805831427566,0.06125014211826386,-0.8763957948990571,0.6798812697212568,0.7099155070998816,0.10601623526759163,-0.5994719862969601,0.22017355768372798,1.1362029638114013,0.20485410328064085,-0.34409020338576174,0.31804937356177715,-0.313319020618505,0.33045167839105566,-0.09970940275922682,-1.2870080493188454,0.4473613922036561,0.428279121229581,0.6973229737575999,0.5345819789238065,-0.43751464366541887,-0.8887953623806273,-0.31683028127175866,-0.2364682755087937,0.1176872349053905,-0.8276200536783532,-0.4387068957077447,0.1325183644682201,-0.16166173358861355,-0.5182178604742077,-0.9854096633940598,0.606459168872296,0.4721513221673561,1.155575051572797,-0.4560187525536759,-0.3641303118763264,0.1301866171979966,-0.35405292633646535,0.2775412249768886,-0.8055367107738752,-0.07910110631819907,0.7278122992212974,1.0546002731942263,-0.015404816488452678,0.35426794727395433,0.1697177125317001,-0.0745236596331049,-0.16333267367972537,-0.5143102510269316,0.002662591333904122,0.8645603814663186,-0.14848866781697312,0.7389460522008595,-0.5015764224959102,0.3263231898122588,-0.3996255159665648,0.17733037678063324,-0.1173907060635771,-0.7691940929141587,-0.31357504043272766,-0.3046621165831674,2020-04-10
3,0.10523560128146843,0.6778890962372272,-0.29836004548005857,-0.6999969033295141,0.2929314623923424,0.15220821420538896,0.5345935745502257,-0.24657628703571235,0.8193966313922826,-0.8801103372224979,0.3521022671325497,0.2266128708064748,-1.1164713167235873,0.033604035051577594,0.7416395357721107,0.7466593074436669,-0.5811843015382887,0.6900715018020379,-1.149750280328398,0.5583784445202898,0.3033696644624845,0.5676166772681527,0.24023727167980252,-0.2339070341020633,0.2879838623838022,0.0844975716433653,0.011813846460179333,0.2800149209024736,-0.07368169916811598,-0.03673550422750882,-0.6918860287214802,-0.5446764447070961,1.0353141530121777,-0.4123409822665683,0.6265572061017535,-0.34039676304216554,-0.4256303243838004,0.268797755762386,-0.419358240372506,0.20321837299833626,-0.19100938612317508,0.15257865243417715,-0.021011741426365287,-0.35994180895715083,0.028125800565920924,0.2516430362330807,-0.5024864215107683,0.03235871393215351,-0.3953449757254355,0.3276770826442102,-0.017554818113385908,0.23682011680157622,0.06308616875367233,-0.46960601328058327,-0.32940197597097226,0.367704616503145,0.22513114418428817,-0.5897025269225302,-0.04571850312622004,0.0835595432758678,-0.12610282298004696,0.27196186599775035,-0.08078652261760237,0.01097921216438953,2020-04-11
95,-0.03576540418830444,-0.3131645456972081,-0.2685653835113902,-0.23158681641647513,-0.7703256303335816,0.29777125028825924,-0.8436079462558049,0.7066671863579521,0.7504226334004493,-0.14473349791797943,0.8037928512568556,0.1588725003981328,0.5148820929078637,-0.5935934071157856,-0.1369682781963337,-0.8611595848283731,0.024220953024875046,0.10103810306790727,0.5261122645370742,0.28427614156544295,0.36567321860891694,0.13357486478522237,-0.13274119426880837,0.0253637130584824,-0.021303164664556656,0.4172391604376639,0.4427782731179192,-0.5291030376464517,-0.39597137769073554,0.5361411140809285,-0.3021498637040352,0.08965880549690143,0.35430322574465567,0.9418114482311033,0.3153354299577217,-0.19545628220334074,-0.21624474248347827,0.19329096741661758,0.1619344594080297,0.33402556973154335,0.27426275552413387,0.1362943925885746,0.23516413822043775,-0.36636212235965426,-0.3178845892906062,0.1354319807302372,0.06083729385041707,0.2938067885434237,0.029473887807762885,0.29753975237826524,-0.16586831744509414,-0.40275703667023355,0.19590099947554215,0.9473315092892378,-0.22096819581657312,-0.024538468166347537,-0.28856928477360844,0.1716020152252549,0.2636739593844355,0.5165603869848217,0.5900035887664612,0.3998270316813637,-0.31253251318084024,-1.2071129778120555,2020-04-12
71,0.0191935831675096,0.21490252297816562,0.03565048032610357,-0.6861329654734748,-0.10423752592086236,-0.07675159753913464,-0.13438943879353904,0.38013164188478515,-0.08392846189657228,-0.38364513895079677,0.21584844197444966,0.29790081825003323,1.0346021155763354,-0.15111473181372714,-1.2313382019420525,0.34527177761167893,-0.22712310691482432,0.24958381176253602,-0.8037882630076081,0.9614117199685539,0.2883986889823793,-0.5299925816587083,-0.3841873244247524,-0.009701987281754032,-0.8789646715100261,0.3805438711237819,0.24492035502770557,-0.38200490643045915,-0.4452628071894979,-0.7229431671617016,0.6224732371237703,0.34110081943156145,-0.30789071202402796,0.5587414501958667,0.01209798642200243,-0.3413369742771497,-0.15003651505446014,-0.21531184804066347,-0.3044482657509329,0.8467212960395386,0.28414964839198303,0.015834118838558762,0.050855835269315426,-1.0904353166596974,-0.17032450527487755,0.5279558612532108,-0.13252066014317693,0.367194016999433,-0.21146668209586975,-0.8156905032104979,-0.3371981069776171,0.14780287025165081,-0.18798185955444507,-0.2617997258706018,-0.31130040112687307,0.9626335430061448,-0.1361210675511873,0.6705223941471582,0.09192130351019724,0.008055613012284349,0.176044260626372,0.5935907371330783,-0.6449663001631791,0.21971428315039598,2020-04-13
87,-0.6992725697795602,-0.5876249419325178,0.5308019681508407,-0.22037214161392613,0.33119954213182007,0.7822732130766,-0.31618438468304355,-0.6109550146070086,0.7934168845743931,-0.44896772898081544,-0.40405499051741683,-0.6653752800300835,-0.38213656153138637,0.47907231040111464,-0.08744641852175453,-0.47137808570382017,-0.26731490476356884,-0.19482919750552258,-0.6853001769331566,-0.22038386527925086,0.5523536824835432,-0.10027923988080335,0.07161790563884095,0.7265395740592171,-0.059210535984356744,0.19210060232155243,-0.09881636249555202,1.2134013388865648,0.2765297049046708,0.18094915526411925,0.1079452276841858,-0.7225011082699485,-0.5771346064563904,-0.1673574165734901,0.03713310974504927,0.6349941150207784,0.3790156003386842,-1.0094670391746474,-0.5807451045700034,-1.135153107443334,0.36306417392367996,-0.41941356063457025,0.911546349380105,-1.083984766058979,-0.21168607561071373,0.7330048410011515,-0.21614116330460056,-0.45316989404867886,-0.792323351068065,0.7333531739695186,0.14499424614291065,0.27699469349796374,-0.029310869567907204,-0.21384999543045802,-0.4142327923809304,-0.42511115669988,-0.14197599363170357,0.3961198614962829,0.20309305574965206,0.25074466809055834,-0.05552976515572804,0.39705334006238585,1.3557271963169464,0.062458550009784335,2020-04-14
99,0.8236237551928627,-0.3763621943012641,1.1040481002168419,-0.32640060359939044,0.47041458097424976,0.2992632376074472,-0.28385969585644294,0.12167989460830013,0.4893232302862482,-0.08681697973397157,0.30809157120866093,-0.08121302353212036,0.3165914431965097,-0.5930481791838151,0.0852107425048165,0.404393507670965,0.047527284251651904,0.6342541156728977,-0.22427001013951206,0.0038974969340305923,-0.265174494313299,-1.0184198872512251,1.2360186099855364,0.7346844500939456,0.1901417053990985,0.43608051671896547,0.18027983441340195,0.07040103758620765,-0.16295709098165057,-0.20908028416136595,0.3619164170838245,-0.06471297001456897,-0.4419698722085132,-0.6106887220997624,-0.5366126104780553,-0.027818347361516543,0.0821445626686368,0.4206983092500784,0.13962440419851505,-0.2160753535017279,-0.7262133434123228,-0.43844010931044197,1.0227567041280026,0.3242504440712479,-0.21549405474211905,1.350803993792116,0.8558401174569669,0.020085515574719652,-0.32490446577880067,-0.2591973220415114,-0.07611076383075771,-1.63630116072141,0.3928648789941517,0.8172565472581504,0.05072226626777215,0.3046481838844032,0.1277011958212377,0.2801609399352135,0.26720289422290006,-0.21323332035401135,-0.20839439340369637,0.23799910925667556,-0.47415735912398516,0.14110903149194828,2020-04-15
81,0.37446340176439535,0.020899218128362585,-0.8035181049632322,-0.38774343316239196,0.5433807478367845,-0.11030715287584457,0.1869218473150399,0.014963725025506467,0.21817396799683053,0.3164792214716072,0.4616876496912941,0.5210957350179087,-0.1957809283799457,-1.0122604314680947,-0.7304166699047253,-0.7751957869461565,0.30196101255772934,0.07768785535011094,0.4057057745231851,-0.5132817891358423,0.1663101295267738,-0.2938859843341477,-0.441721697634264,0.4009353183818355,0.8317996792177227,-0.029431744044865985,0.9285327578512013,-0.21928540896630086,0.08333517001750446,0.30455352734308666,-0.14719106951707983,0.20214462047174545,0.12461413353505764,0.8870774859495032,-0.38023498858209026,-0.04808954570240385,0.13135886254986762,-0.3724352265053852,-0.5054969504533705,0.17898269473046338,0.19681044149213625,-0.15586296301007882,0.6335047266497226,-0.24632056411385733,-0.04357292795853335,-0.1768720316967031,-1.2585689568020004,0.6537566770829603,-1.021388293194826,0.40622585725144866,0.11142799327127484,0.9557440719826285,0.12373494119301374,0.8465446679307747,0.4305295401631427,0.37318733095385936,0.18954815527147872,1.30474010314652,-0.6776754424744937,-0.40347171268171317,0.24978082390714684,0.3365655740299825,1.0289045260891092,0.000976869017725289,2020-04-16
65,0.575924027518849,0.43031684117957686,0.8329651921796417,-0.6352628268381876,-0.3189940237375815,-0.5848868041755297,0.4117299240020872,0.08785908543079067,1.2066583449162689,0.364917803233964,0.6548404287176229,-1.1184677973727888,0.5071180606041037,0.4415185273327473,-0.5173194638707822,0.011213726754788834,1.1331001501411744,0.24735162420104942,-0.04030422928884493,0.2577373417342534,-0.20067255222325298,-0.06678911888645508,-0.5929500305130069,-0.35122196374702963,-0.07484562930853518,-0.3485455632933869,0.2806778402134607,0.10383308634224382,0.015422096679632936,-0.17825466497327927,-0.5766467520655507,-0.0031027635389855174,0.06994402872238113,-0.6540777431379637,0.6674732145413648,-0.5405740325662853,-0.22798070675934828,-0.08291967649617003,0.6806570079383921,-0.3145348174252565,0.862980592768537,-0.36350700770349853,0.44933576528294394,-0.10398747953129688,-0.30726395549966856,0.20091750777804995,0.09372470345175377,-0.10196840161331207,-0.0952581209507771,-0.14918455934428934,-0.36519902957680916,-0.3757242170279701,1.2794338960380252,0.39024838851517635,0.35310977325262916,-0.7964683672742509,-0.4078847305444136,-0.36464662578927687,0.7033699756074933,0.12745546856171225,0.4942792220161349,-0.2527828265504543,1.0338279161986408,0.08993050715832482,2020-04-17
31,-0.38899515615949015,1.120159735763777,0.12419794180781923,0.08380470705927633,-0.4319100703672142,0.5984086708481826,-0.24915883893192625,-0.42119159577431886,-0.9729450481241814,0.10207387612274128,-1.1061667419407224,0.5904259987972486,0.9616492860961862,0.3402050506373015,1.0867944175576676,-0.029746801387286876,0.42227005382707944,0.38896570726100993,0.059593184097305386,-0.22232788160281491,-0.8371521094363346,-0.21724011413786906,0.38489067697625917,-0.5016863447404452,0.24735482068934336,-0.35144901007201623,0.35247833189678995,-0.2968862320336114,-0.42237595156390517,-0.5568043036105561,0.5187508658187355,0.23829369825482205,-0.08590786341142845,0.09551069225905047,-0.20669209085288862,0.2333716225199653,-0.002441544406192915,-0.6007968087252742,0.08815598824598136,0.21609870270590953,-0.19948924545966304,0.29558662282074954,0.24999562747123055,0.08753271039599653,-0.6045136153505772,-0.11414008377968343,0.32102557076102506,-1.1204944159705725,-0.8086470742671066,0.07556714686116581,-0.6137154769722871,-0.7539424266259942,-4.009462888975216e-05,0.5971352453441464,0.0592415178272523,0.12255655374294303,0.3011092380888753,0.45165187196274614,-0.05547926959775263,-0.02424131640171552,-0.46643763177860553,-0.1266380958414647,-0.1743376622485326,-0.04942960008949513,2020-04-18
13,-0.22079964284109047,-1.1236152294985948,-0.48992433172279143,0.15769526365701492,0.45476162156878264,-0.6142674778607046,-0.20330365987985888,-0.6645318967819682,-0.15054645042970158,-0.621404473617662,0.24774529618563465,-0.17865025930831735,0.10458204091315677,0.40066116899932824,-0.5156975540911561,-0.5001793694032998,0.7142206878618192,-0.5436281021294803,-0.05830874566552145,1.0194330361536879,0.009576790186234023,-0.6289920090845981,-0.08110995209515479,0.28282096315939753,0.6636664984649593,-0.4831595472680987,-0.8142687159528281,0.6612812156262657,0.45486596058203677,-0.14157160864885032,1.3995255244952418,0.663891918857194,0.18168924101724107,1.0066224140740312,-0.7230906592475631,0.46624974375952205,0.4702900791031945,0.41292488859781107,0.552895194860687,0.14734600615526264,-0.06385279383207813,-0.3937044288919383,-0.20117023850810936,0.18159809698499546,0.3592657346410718,-0.2899454226535808,-0.5200403464926197,-0.75074082861579,-0.152618927470864,0.2009769546570943,0.6098101115285596,0.013658540714280996,1.0181900255924439,0.3357223032361441,1.0680629741628869,0.20197333927238742,0.3644784915498626,0.022194004201589342,-0.0052554558940155925,-0.7202418780935413,0.71106316681641,-0.2815149861727038,-0.5673954320949527,-0.604250155849325,2020-04-19
8,-0.08959520309920221,-0.11337033812250946,-0.22117673995479425,0.3358173660356945,-0.25889376182890517,0.118336745690157,-0.7506983517950008,0.3695609288146101,-0.18340559671358078,0.6820869912655289,0.46415749338288625,1.031093685623211,0.41189581714326523,0.6370637786527853,0.1694474684163207,-0.3279823810120965,0.34943021752861025,-0.16109124543318698,-0.6127008096594816,0.504880093708166,-0.933089376519265,-0.22796007129481657,0.2953606759027679,0.9804895012493964,0.9505953035503252,-0.38404458107955913,-0.8243627920883947,0.6234788308481876,0.92039832377515,0.27143105722837696,-0.7709575562777792,-0.28081794345323996,0.41467601951816163,-0.38846879191712685,0.17331612661289653,-0.28284405336808865,0.8208474742258829,-0.20288987149325474,0.26836016002685426,-0.08317649433625111,-0.42236056092924806,-0.9305608054572655,0.3192665260110857,0.09022689287221747,0.20859282830131917,0.9888954019731339,0.6693742814100567,0.06583285956575217,0.314367117412623,0.07687084920857358,0.21505382450939453,-0.13725329732644945,-0.5872242860961926,-0.6445111135524255,0.06150760074805057,-0.38280293293956313,0.205841630639119,-0.3636373677942559,-0.05135400945807269,0.10980375048927525,0.3203545597804799,-0.2054885116129898,-0.04302985809005954,0.1189995001819399,2020-04-20
10,-0.5476662812364685,-0.3361411712072147,-0.9788655833690437,-0.9273632777134211,-0.3805680894556491,-0.11680438862879138,0.06136342353108418,-0.058510246787576776,-0.09820829352353191,0.3291017149106075,-0.4468376620785003,0.47453497653000826,0.5975586808312999,-0.3522118231250271,0.10651010657712547,0.654725504095691,0.7764474242656177,-0.5607925443576579,0.23879899842845373,-0.5724305532429457,0.4621345737038757,-0.14420972953520483,0.7736575896564025,-0.9960385145823973,-0.11551446823694861,-2.0613823693808238,-0.39126489585085567,-1.838897880014438,-0.040403269899615395,0.19692207463750647,-0.7501790827247692,-0.544912110678594,-0.3433642258212234,-0.12012075001171738,-0.5965062036021808,0.17425263893552348,0.45227218801674507,0.5462375727212704,0.07129300660442506,-0.39628118390924555,0.06312208002697961,-0.0045058269689425634,-0.9413656630296884,1.1738194925913117,-0.2992556846414478,0.19031471298648944,-0.2906635762342876,0.5826565733438449,-0.38757835877860713,0.8935097272641209,-0.607958738759319,-0.08852682514041946,0.15523840742191666,0.14985151084096682,0.17502555146636237,0.5482799609673538,-0.7627675246257081,0.49456106447268483,-0.19288559894251994,0.43347227295012153,-0.12872081725798679,0.26323385704544816,0.4813928230022407,-0.48351805101216505,2020-04-21
42,0.9016328151635047,0.2818236850010897,1.2137740460473891,0.4964832420676701,-1.0478002371835928,-0.5561719987927747,-1.1635160934994573,0.5585530069411998,0.1144009328698837,0.18624390657660295,0.019147307190546747,0.12503836969994844,-0.5231231596775703,0.6097446624710232,0.2635323674232769,-0.015580539008959934,-0.8427041082316407,-0.2664620854364779,-0.19921824775334207,0.25039665524168864,0.4870366522228345,-0.5289726135068442,-0.23433172001487984,-0.11404141517874253,-0.07004289660369051,0.30216968360439567,0.09073942021216427,-1.7020217329701175,-0.8340354505866272,-0.07979145189936498,-0.37259949133770826,-0.5132890472540305,-0.7723053617786759,0.5394355824701575,-0.1346319168733345,0.4456577246192121,0.8227800988356461,-0.4076146340299958,0.11081045741923713,-0.2899776007300208,-0.7612433402870258,0.04273961318405444,-0.20554653690497054,-0.26920792195709986,-0.04430897135183614,-0.06995420755477243,-0.2229129689632618,0.35353982551023144,0.3776318916425893,-0.5037098371758492,-0.37610561349007365,-1.4973175585123164,-0.031574427107648115,-0.5591975668375279,-0.3107119135650766,-0.2650514972014167,0.39038363017557814,0.1041216250630159,0.4669294322521152,0.22796021940181702,-0.3814927079408078,-0.267202302803445,-0.12877394102209078,1.0323763501483787,2020-04-22
34,0.4909408716981026,0.11910809166166057,0.25440086384894817,0.9863637320404016,0.7929404723119238,0.2673375187011842,-0.4268391416529564,0.03624906818353419,-0.5155619084121832,-0.7289067108984342,-0.040236863877432555,-0.367579059813088,0.8814574154623875,-0.102230121135911,0.3042658107565565,-0.35579280508630745,-0.19800045655206241,0.1192012090443278,-0.49449458455568623,0.5715898505828072,-1.161461792215214,-0.8605039374214928,-0.9499406479783182,-0.04406190339381488,-0.29176712859923204,0.5408542151968752,-0.3932526771979195,-0.2207636534009751,-0.4796186478372303,-0.44893017125129575,-0.34195877566185434,0.28260094429235105,-0.5903709277223071,0.5148293175740599,0.22126270985698063,-0.6829955172953308,0.21526712506143603,-0.8128577525317454,0.22012537359018589,-0.08631523600351015,0.3142896933145629,-0.34739820307063923,-0.2022827308468794,0.18436996852815535,-0.3101376442823042,0.6253834468795868,-0.06086154336552666,0.5114552968422181,0.15852670285375794,0.869479650619549,-0.08265776324971182,-0.10640321334420902,-0.050411818306948096,0.0785555176988601,0.29623860298508564,-1.0701480339166745,0.0058345973452834975,-1.1606093139118756,0.07697631717405584,0.4670880923514739,0.4312119461318844,-0.6807784712822521,-0.4420368168403442,0.04047331051586284,2020-04-23
64,-0.10715806871412206,-0.05798244738933614,0.7899608700951374,-0.09461975354819861,-0.05667932174163296,-0.5961433241558,-0.04985723280948917,-0.0038829360425776784,-0.29350263854368935,-0.05820808682680526,-0.251674087627842,0.15524310379491874,0.27616794904608694,-0.1501326106124946,-0.11103811616727444,-0.21613349108039115,0.8341040282129287,0.5659106468340548,-0.21209474524663552,-0.46140492490598767,-0.11298636070750953,-0.422652507682815,1.2981822251269122,0.5411136699201021,0.03813727045051144,-0.4682342562135449,-0.5715050735180428,0.09863463268509984,0.05469816320120311,-0.20401155391522247,0.03074955388672385,-0.4792647988926152,-0.6251228060612649,-1.1393570555420636,-0.33570540050283754,0.4052643556775598,-0.17761064872991608,0.23259880955236795,-0.14087078814789705,-0.5514416645160316,0.25907825207303775,-0.25989408493114846,0.6047692780106179,-0.11339419823498562,0.3292022430556482,0.2862393291994453,0.16357670747921144,0.37817079301899503,-1.4355030624251144,-0.7867841966844265,0.09500300484105266,0.04529132984106982,-0.20674333632794425,-0.09881146796185478,-0.36495659315907375,0.2554680473031653,-0.5038553093744459,0.5296688963674343,-0.42662755253163137,0.3905537797936639,0.17759169329615734,0.7571547231896414,0.3052717808633307,0.43140515084698555,2020-04-24
61,-0.10301272216649622,0.38484073343312836,-0.3878624454510672,-0.19683009818609484,0.2081090358831086,-0.6985651314481814,0.16674414996531842,-1.0194475214470877,-0.3103712782743276,0.5995987334765308,1.1820653379589308,0.18547153936757738,-0.4313101219195315,0.4269400664203545,-0.3974660861904659,0.9356162399938966,-0.23045224349214383,0.19815099251346105,-0.03170518329098497,-0.02390938470076498,-0.6324976699557896,-0.6857960834828449,-0.010414222837813262,0.6549733758338964,0.6342293283046441,-0.18727063785622353,0.4179566358258796,-1.7318555773218902e-05,0.31833825159189133,-0.7228724952739338,-0.1341001378479145,-0.47247623180233356,-0.22964124372664,0.38929352595950856,-0.41836796117900216,0.07288694610460153,-1.096408871282428,-0.780918105573368,-0.4689213715651159,-0.16565848478317582,0.1449526071676314,0.4667010243609603,-0.34276284765469756,0.23736770603236623,-0.0033187912736297887,0.23577024162433968,0.37547422595175406,0.3337001325169721,0.4172783083768452,-0.40134946636978686,-1.0110033236655285,0.6746577362343268,-0.12073069052331978,-0.38753916274008987,-0.2900924762138377,-0.12300312373599732,0.4376478851596835,-0.018641680951379438,-0.3725903575593195,-0.31002637935638544,0.3473038762610521,-0.2880805369880253,-0.6324609889239631,0.06843873494615293,2020-04-25
20,-0.5118644097552175,0.1267418603455856,1.0604286744218754,0.05292818312914786,-0.4402409692628662,0.6365268881310688,-0.3019097389578092,0.2568132969539751,-0.5648071493168019,0.8516391240704846,1.1428893854645863,-0.6161238315742686,0.3166382220250965,-0.29780005264663256,0.48430705797058654,-0.6613503269500576,0.5280215079983753,0.38574270434914776,-0.17233217019269573,-0.15906394520577563,0.3738557487483954,0.05403415324853315,-0.15737791770159,0.9462203414931063,-0.5609867251576287,0.08571500537416128,0.27543847239663377,0.47088678326484745,-0.7338524299744408,0.5987493314616406,-0.36017118899707995,-0.06057793380487236,-1.2511286013290683,0.5170721880595873,0.18050400010391238,-0.8818508227836881,-0.06894810939405746,0.7355644265746561,-0.5959509000932773,-0.16689470231646444,0.11849476483436541,-1.1428267829493173,-0.2994133836112108,0.07502139637792236,-0.35579478429452566,0.13090517737029986,0.6735537914844374,-0.2336558447256777,-0.6759279464674026,0.22806578422230486,0.8492398168007294,0.07415922309953694,-0.4846041064359562,-0.1912582842013361,0.3160880900765073,-0.12278115301119058,0.32802047434194886,-0.1245050354090179,-0.550745605186008,0.572556922577138,0.2872642417836152,0.7339782427862133,0.8369556410296229,-0.059355878976492714,2020-04-26
91,0.06738266820930097,0.567271432364067,0.3373076556331628,0.11081303510028981,-0.601351439735475,-0.12135031342397679,0.03508713896062696,0.36509650764548507,-0.3784161894637502,0.14244422349030256,0.39677575360165346,-0.0075119660947752945,-0.9814424151376142,-0.6475971288122326,0.25724512432804963,1.2584847278700135,0.22389448028611725,1.3634428620071457,0.029016350867036824,0.9907463339530417,0.19678893008350282,0.6648197428243868,-0.7494045695471448,-0.2055587624307088,0.40914197062913327,-0.36141775130544235,0.6920818332339704,-0.2594447213861519,0.6464494296487022,0.027528330545027745,0.10493785853929681,0.33120806615876563,0.010963419766157776,-0.32565019856366134,-0.2783001355374564,-0.46192441624973946,-0.002656523181286276,-0.875097067058296,-0.23918500859573336,0.34045755597710475,-1.0007233717627593,-0.9728719970149653,-0.3405439727043977,-0.2890787667504148,-0.004315138581556998,-0.6607919962540886,0.11612663054837664,0.35230231197566353,-0.6927857193372713,-0.6894367853451092,1.031063078219343,0.5088656848382415,-0.28979693971953724,-0.22162412948403307,-0.15359246769174448,0.08526299969530092,0.5440206812041468,0.24132405505636706,0.5877359199616079,-0.5846948162923381,-0.24182789046043512,0.06076367304136966,-0.17168974018587302,1.1891104846876845,2020-04-27
15,-0.9711788971592511,-0.009116250858228111,-0.7694200110295004,0.946456652196293,0.195926134724243,-0.5354953306399394,0.4768186084398423,0.7042083249655979,-0.799133274931397,0.03819977070629262,-0.2146855234719919,0.830813339137532,-0.11983781822051319,-0.25869820474794597,-0.6389493646105808,-0.08334760439901572,-0.28679853500301244,-0.37055456598426295,-0.5644410912190683,1.1367490919882015,0.2730742382824516,0.018209359017196346,-0.2540185144591078,-0.3149627170401521,-0.3074601594733378,-0.22432035031511466,-0.189221379221504,0.2571521917482594,0.38350427792068736,0.017436917267856653,-0.37582953997919694,-0.031738309664676,-0.04391491840288666,0.2732142815851396,-1.0096976930527544,0.23572234964529307,0.3235516280265462,0.330523212001386,0.387491874641145,-0.46622121581869175,-0.429268643022054,-0.6996052933654033,0.38398900863350965,-0.6632224816832051,-0.5403974655045278,0.14746528081530336,0.3882025707117702,-0.07316335493525093,-0.3550245945729383,0.19051225756623366,-0.03662352749940641,0.526431514431127,0.14597248415371342,-0.10313494415450798,0.689064113727999,0.8434731044309159,0.09839356274564291,0.6740683934496121,0.6492345310821905,-0.5248245626739078,0.4479496634741467,0.058830096354252424,-0.8886375507990517,0.26943227044013246,2020-04-28
50,-0.014229356475991085,-0.4110735908218004,0.5111653277387715,-0.06593248341234369,-0.31977053984942616,-0.16108218811210023,-0.6739947130095899,0.11309058067173403,-0.1362627390063609,-0.17282248940294478,-0.3980994682173685,0.1473636981885659,0.0515746486935382,0.1436874572398874,-0.23903573770934175,0.7376586153302523,-0.8077917808539061,0.4185967805474894,-1.0948978088767114,1.1206441439963426,0.1683559019574677,0.5017578123040408,0.15623258713576085,-0.47040351547063575,-0.33537736697703663,0.8185687245811818,-0.3054309607325373,-0.4376157051570914,0.6826965530906208,-0.2778159136949932,-0.043054958585325535,-0.6031302146307932,-0.947908250246133,-0.1521212417661419,0.40698703258090174,-0.03666678192741404,-0.31367327146101365,-0.5482229370128726,0.012590509171169828,0.36921537678053995,0.1261783782422192,0.048385659205639316,0.2751923239578318,-0.6642742036255648,0.11745701226423412,0.07168665632155553,-0.3635823321219603,-0.22967075564033998,0.26397537265471854,-0.14736862269144452,0.05084165942108976,-0.4206452437095444,0.11568773640628006,-0.2598575005288933,0.5180587535973417,-0.13731681677261007,0.38307372166009335,0.5278862451842813,0.7227241751006745,-0.417164247897337,-0.36631558286703125,0.3767469361884997,-0.5393042952427897,0.29915112405678806,2020-04-29
37,-0.30015446401789353,0.2933249417376493,-0.26249565365981803,-0.8554139232104641,0.011983092523940319,-0.42583497133040454,0.14835674473854493,0.1748939968631609,-0.49279515590350387,-0.05465934418197179,-0.09836632838755989,0.5263850148189595,0.7288563931985963,-0.12968590290519333,-0.33307004199105783,0.15994713870812413,-0.36851113185557616,-0.6989564508471618,0.005996493703991961,0.5755754581479243,-0.36104110096129005,-0.4207366334395632,-0.5437587681966054,0.7378003220871727,-0.5297433525220795,-0.01855870417538887,0.9813645347773287,-0.8851477884258931,0.3268168226125436,-0.17457447883996818,0.08846483560602955,-0.3059596093594616,0.2725858712557677,0.23230726623182338,0.2641046763547492,0.47933259560078617,-0.23342188616195572,-0.12704779725928073,0.11183918434156498,1.0958820555668365,-1.0892689721558995,0.37680373877761236,-1.5137718449377824,0.531574744580214,0.44002554283272094,-0.32790346263206793,-0.7051447763361917,0.20158407243285145,-0.5604298305799646,1.311506011083619,-0.509782939109841,0.6205090250321963,-0.2630020626339319,0.7093013264937821,0.26822183259919247,0.19575897021027197,0.22263919194818724,0.2951268770627958,-0.12208063795181033,-0.09062694331013971,0.04671742702426972,0.5096152882039994,0.3264454877349336,0.636949507609064,2020-04-30
25,-0.16499814343367156,1.2153499445249099,0.7346396776318229,0.19901731087265823,-0.13946715829354894,0.22545661524132612,0.06719591589970585,0.9462976351158019,0.49106165191610457,-0.9540447419255925,0.5493624654487166,-0.6002855069483971,0.10870914745929366,-0.41021184314716314,-0.9934167655002932,-0.4469909404802038,0.37485445045050647,-0.5493684306310332,-0.45812369363680133,0.12103704985336017,0.6095246820049387,-0.15777702292670698,0.43652025559390045,-0.714342631568109,-0.2911583786453255,-0.1288451391073326,0.12496883966222477,0.14605883157289387,1.311310261163945,-0.35052403339303606,0.038368356257577646,-0.40875221456906247,0.8837093312955406,0.4662561190821267,-0.10143030535164888,-0.5854361952430229,0.11865007715557298,-0.11370469088644745,-0.33441908803604964,-0.18244804395665207,0.32303218112442034,-0.30616211423262424,-0.48620384711210035,0.08696229682402881,-0.17435247701617534,0.2794759479755098,0.4180263627984257,0.8910860210335304,0.5975341010485344,0.30568832121216744,0.22684989826988974,-0.28673480544920643,0.5093356711513228,0.5280018747176791,0.17629805190605133,-0.7179328774087806,0.11331190834795729,-0.3736268922131473,0.35003362112989017,-0.7970187833961265,0.21272348167828325,0.6221497658654733,-0.26337334636942084,-0.34940342125191043,2020-05-01
58,0.004150720684212662,-0.6755565555871605,-0.02598362219455797,-0.2715885430667762,0.35385697320522663,0.5025182384544004,-0.28250475557344906,-0.5370813126970188,-0.15178503347279262,-0.11152548483422993,-0.0316124647919953,-0.8826520881248261,-0.02904318370392316,0.46489608316133757,-0.2693630495217192,-0.3380567996635422,0.12367544173551681,0.3486304060781283,-0.10892718582997055,0.9487959502554612,-0.7914824785225784,0.7898757783544493,-0.23892250986064592,-0.16509986432020732,0.31600953782983054,-0.38290975589077897,0.4324856678749863,-0.11329875103467571,-0.3817115112136258,-0.12935988790880423,-0.5907351610851227,0.2777312905265379,-0.032941715871821126,-0.8364203267642364,-0.8023476148289976,-0.821448943727447,-0.9838901907316503,0.02262065200194867,-0.4296036752593734,-0.14864704474211943,1.049130389862224,0.39540761246684175,0.2619072180388872,0.031232686232652046,0.6431886975564585,0.023041921143574794,-0.16319636093216514,0.7722562870564327,-0.733587808456542,0.12421993958028872,0.6573211785662134,0.32829292710639973,0.5428113748902628,0.42999368453355785,0.24629962827398225,-0.01031289663217839,0.30198653308824286,-0.27887902188382035,-0.6309738191519964,-0.5176734847100584,0.7905049209651702,0.4982979725080253,-0.11319392022733583,-0.5866707160255922,2020-05-02
6,-0.38084381890199653,-0.7881243165426429,-1.0761309336973803,0.4264375731364339,0.4280353886651436,0.05298698899228774,-0.24495707274334375,0.5210503531156141,0.1705679332938339,0.6079699379145832,0.3050803911312608,0.26844505260866386,0.176306499247129,0.8026917144346047,-0.2990949180551487,-0.16282045647092375,-0.23532165936050203,-0.6607205031848327,-1.2074498641302134,-0.14175684110870992,-0.19325044895372812,-0.7821974758244732,0.4374749444533364,-0.14705810013913403,-0.6822029848372155,0.39177029126345275,-0.42349528442699425,-0.056993899383385886,0.41412391092493134,0.31044479677405185,-0.12297603518985926,0.12036866468014928,-0.04501279178351626,0.6953906278219397,-0.24032868345195568,-0.2297938515902749,0.9147760215513542,0.09790569462646756,0.557927847828009,0.7808427613955237,-0.06103795580884342,-0.34245071879426076,-0.7050269097981574,-0.027640045436606028,-0.3406142898718968,-0.8712165920602291,-0.2924866826317747,0.6383792197340332,-0.04485363602140569,0.25629214983329734,-0.31684748904520543,0.1559665135856266,0.36243359106543577,0.8799127117514209,0.38107031746561054,0.25036073222986427,-0.23248032402394503,0.22767405584048017,0.2882980893798315,0.20377102819041668,0.03699612256704088,-0.32728610105206263,-0.613798830157928,-0.839890951081594,2020-05-03
14,-0.48340376666352897,0.07919203424765812,-0.7822686668359059,-0.2530768934787102,-0.7838869678239127,0.3823626047372688,-0.054286283760834345,-0.19258957227383094,-0.5508011864725755,-0.634212990143448,-0.2880352744035216,-0.10491230371719862,-0.036159487037669136,-0.7769818365458164,0.2878133068014912,0.485936769769469,-0.3015938712644315,0.480002718547225,0.589774428579398,-0.01014092925232925,0.11816942677221942,0.041610294886113466,0.6187856869717391,-1.0378022470593098,-0.1626403872336328,1.0792820057748906,-0.26515440407568863,0.3461057785513305,0.3246169242155312,0.07524981249348996,-0.5594261920888501,1.2532743998025577,-0.15413849396208346,0.03548553116755802,-0.27572290367042357,0.9849118222709362,-0.48429826074386056,-0.18738484672272002,0.8314141950197264,0.7528493175678571,1.0952552218548381,0.24283529214136437,0.3639502579714337,0.44499027290582793,0.2599961138045287,-0.6377569746591499,-0.8832957160800213,0.026489033792936958,-0.7728004991977845,0.5917444325494955,0.9967316176312033,-0.02197136975664387,-0.8358576699987668,0.6413679729213788,0.3227674387598086,0.09638486292506718,0.40460691550938277,0.12481239001253262,-0.14314767366161762,0.9885881944457307,0.23153926540711844,-0.860511478073941,-0.5774762118818093,0.7316263821673062,2020-05-04
23,0.07591841571980294,0.16955787482602558,-0.5187416591627464,-0.509923244387938,-0.43989002043877595,-0.35597508004445794,0.034796575624736995,0.34718499765878164,0.5188304229159241,-0.1728369105792249,0.03736343827366989,0.008702808062878743,0.4077461469238981,0.1652095911207875,-0.17916500536932897,-0.1081307850053813,-0.1983059099170887,0.15648202743387013,0.06946696148151353,0.3446152450809364,0.18554523513040136,0.5015727712137841,0.8361266997416901,-0.4749919851423394,-0.35508792159550406,0.42982043773108364,-0.33458236642183153,-0.4793640276868749,-0.756906521629067,0.19759890023018642,0.13391783291830323,-0.6044440970298773,-0.0023449935050062587,-0.353560693386139,-0.4950660714558715,0.21589951239775854,-1.4297167952595788,-0.7216812220865033,0.5850398968606919,0.5299145996755756,-0.26422298423674156,-0.6095422697703994,0.2865573050920836,-0.05251903851848191,-0.2824232874424218,0.17622104863187615,-0.9734335698039126,0.18541292777188148,0.28190741222121646,0.9358345357517334,0.7555955062554954,-0.26377931565997176,-0.5493642110585805,0.3403768220698901,0.5704665162866155,0.15655040816847593,-0.6103015067585192,-0.30488655743604776,0.22100947599977622,0.40802446734775655,0.7709022527266565,0.6788393242980495,-0.20277864861828535,0.5484487654815868,2020-05-05
18,-0.7768397141985288,0.6221883912000986,0.6658856708031557,0.45862036170074416,-0.24289779912456738,-0.18357201793430156,-0.4029059302201375,0.12070042852012645,-0.8833633400679214,0.5675284685393425,-0.22085627536600555,1.4172248326983614,0.37797051531919035,-0.11575415541423154,0.667289026666109,0.23698770932641555,0.17470723269025765,-0.05704841095100527,0.9872782615808579,0.9019954292023205,-0.6081057909746898,0.32317381768394315,0.35029944671506874,-0.32987295159104596,0.5750136517431236,-0.21398415486244776,0.3065427544173124,0.2345626044249367,-0.047124249550730135,-0.08572371656838937,-0.008266760950454732,-0.30901255908586917,-0.5343678931702146,-0.2619158326894443,-0.31933167270601603,-0.2126295684273924,0.5673685078210283,0.006171502312527977,-0.21937842893714654,0.12434426672911936,0.34392702646892265,-0.5898063403490851,-0.07660469515800378,-0.3852901217316214,0.08246167930965818,0.10888286373260342,0.2893957136634101,-0.3148472010193982,0.39687196386182894,0.30728344209166397,-0.2777475076307672,0.7480396602708728,-0.5560408717231391,-0.6850921713679907,0.7470351365867643,0.01434155284546754,0.6215076295042132,-0.49161638461286694,0.27097305659789683,-0.009969737331080588,-0.12442744350725245,0.03549900406298618,0.16180916313486238,0.2111395333572899,2020-05-06
90,0.7250731691008296,0.23849404557878165,-0.5815648364069694,0.8108069440881098,0.762315101034107,0.24986201463491384,0.40173366898090995,0.9431673774117875,0.19621023651472502,0.06651437313902864,0.5283700983639847,-0.07222965263208347,0.5226150590065998,-0.2916268099890504,-0.4767635385711272,0.45358086358941757,0.3981344446093806,-0.040241088783686485,0.39798230486321023,-0.129048312705098,-0.5540528379391464,0.5136892979372467,0.24255975605313185,-0.34777005119014776,0.4737184986695971,-0.7048508964012052,-0.39473993504511967,0.20613101097572029,0.3121654885272606,0.8062042814566572,0.9866142073194445,-0.288756893346239,-0.604706417045738,-0.1415133788354447,0.31220096431203415,0.07850382057102881,0.28904025756209273,0.028863309415603795,-0.6400285736826102,0.19489290519969105,0.33323259933050603,-0.1037611828716116,0.3410941060576902,-1.1657374655190043,1.2154140655741708,-0.6344755965187872,0.09943850992227905,-1.353316192095247,0.38041685271151243,0.357694375368017,0.5263684592122949,-0.1388457141188113,0.6945408880867772,-0.7273816765375108,0.5198180777487952,-0.04166117089298074,0.5766921147414239,0.023139918749170645,-0.4323865480109467,0.9291404638554166,0.4418859579529228,-0.38064150843106603,-1.020692710899281,-0.5848218315107896,2020-05-07
38,1.0966213198811547,0.6310421533743005,0.24468422458184833,0.3602438544262327,0.0630780011717922,-0.6562554480854262,-0.5118278339926372,0.3105188025925048,-0.29418402310550795,-0.5442891179852699,-0.6603168466711714,-0.42974551130807515,0.3069338580877663,0.010096199495521317,-0.4422931662368494,0.29423652775956793,0.15008195210750044,-0.6468077166247357,-0.46004035467663124,0.030132336891047006,0.009238368770746309,0.31851786270322735,-0.34259276854000265,-0.2992030979766279,-0.2974062565733936,-0.35953925660385816,0.3407935861534513,0.0028395764409007178,0.2621427603536735,-0.41857797845002065,-0.23188449489654728,0.0040184987384319516,0.1936109568445948,0.7993742199491592,0.41093916898077126,0.12454970304864613,-0.6140089045350515,0.1164938504869598,-0.10210728907320578,-0.9143791005955255,-0.43581109118380895,-0.7742169471230108,-0.2742907482572948,0.8617717408253037,-0.14008074359310038,-0.05949972913949408,-0.18043600005283442,0.49572444829282075,-0.10868744218605651,-0.07174884124090519,0.1844959933784722,0.6551232457055118,0.12525094354766003,-0.1256418390715765,0.43597615682332824,0.7361706738174751,-0.49323329999585547,0.20087450453338307,0.09932308298802418,-0.6953951639313782,-0.1300106474255525,0.12091648667381578,-0.1748641680424884,-0.1346844736406332,2020-05-08
52,0.3184808810343826,-0.15229365320411917,0.6851112473969571,-1.048782182111,0.04617136225870949,-0.2547866658221164,-0.7262862560433337,-0.09835818835571548,0.45570321747771747,-0.19174281463728202,-0.06529815658225305,0.12585525856567728,0.620652866454129,-0.060511736478596104,-0.0935493296251051,-0.6945326263525801,-0.5292162365018481,0.7268434812585788,-0.8882865380852294,-0.012940076937738219,0.15714246720825228,-0.1874431911988213,0.35100558136540355,-0.2907403506960416,1.2280106185989728,0.5611412773592973,-0.3557639220488678,0.3439155958628196,-0.5463135683329168,-0.6629738617783227,-0.7203746617239745,1.0779782734362078,-0.28889359010118243,-0.47711591455604,-0.3111090556925517,0.038876226797935357,-0.06055587206461996,-0.20336757611048012,0.44848216073592867,-0.4891685157573074,-0.5100011867678231,0.10343961911073979,0.28846020612111384,0.44688677500876706,-0.0014733292097110066,0.48596799959928827,1.0286595019314189,-0.6403877643056713,-1.261033175880271,-0.07426421636223789,-0.20588695311894237,0.3382245943254173,1.1630848370549791,-0.05002404980286859,-0.18473505329917755,-0.057922473573719734,0.30250381609562926,-0.31647376043108666,-0.2949135233581723,0.2612202767873106,0.2995141816977887,0.671013443910561,0.5018568905643311,-0.5798281390302993,2020-05-09
59,0.6570511589075061,-0.36715086351986276,0.0217612106192217,-0.5759241304969182,-0.776796273186998,-0.05516752891844985,-0.05228463133728628,-0.23615664021293453,-0.033696273504863275,1.022054107863143,0.3140643784192566,0.30743904573660114,-0.4080118790840022,0.9974625819861248,0.39742558730705657,-0.1534570869284579,0.752526290099059,-0.8092960733903377,0.1256058815039517,0.2416627202005152,-0.5349298421951242,-0.5302881022741794,-0.6475315471405192,0.23938362617747103,0.32692447968585714,0.07889494135543203,-0.3815889312517924,0.09684801974701049,1.0078479380873424,-0.4320686278639476,1.0865591580356748,0.09615582354521278,0.5045461886556791,-0.9348632369825535,0.05153941426600881,-0.2785161555319806,-0.07498960272504018,0.3388419723335853,-0.4076194403861687,0.6829570706125476,-0.24974400837536914,0.1969575136726176,-0.7180626396317296,0.26149517887682017,-0.036849119428368486,0.41548224918792914,1.0072129821697846,1.0252444081966656,0.3128125508768921,0.10688328182604402,-0.31468785780947195,-0.4220250572796542,0.13324110801244443,-0.27903421364684006,0.535190060573748,0.19055249410733205,-0.5838460483985837,-0.2675732747520191,1.0721984085365022,-0.23464401451567535,0.46609337368683057,-0.31498491543533186,-0.5169036829465927,-0.3525809967228634,2020-05-10
75,0.05427321118972239,-0.45369577311294057,-0.39360928980231863,-0.25552916054009567,0.13134827823025477,-0.3611667758185939,-0.3462236741868384,0.23450203988967763,-1.03781079448455,-0.28145290888382846,-0.5952789027399297,0.6603187118618168,0.10261892421481981,0.331601718885431,-0.3747835160932004,0.30947693674186527,-0.18049807395785766,-0.02646698949648496,-0.33969181310790597,-0.5835752148847145,-0.38512604408960405,0.4350084396936055,-0.3182771199634375,-0.8683129135671027,0.7890606004879744,0.17939069276160638,0.24378787645110445,0.4398640080485674,-0.021580738638558434,0.05973417599585897,-0.11914697776003726,-0.0763619226010102,-0.90725226695985,-0.29733429792312516,0.381464372899404,0.1640145181225856,0.7008145788989977,-0.001997439606424222,0.8267943356587464,0.8245987945976174,0.05656397135001,-0.3206678349409841,-0.21396981006116073,0.7506949469218436,-0.5700321646015026,-0.28335995936188235,-0.043901787234998775,0.323906361448468,-0.28195583126183194,0.13367938466378484,0.437000842778024,-0.14340666847165323,-0.3877325259845408,0.5513052525932405,0.07189490884960462,0.3928296070048496,-0.6122328941915125,0.7707858989881685,-0.09426178264776129,-0.41508301141572135,-0.29731433624317566,0.2948836965577571,0.4178403868280888,0.38247011251690155,2020-05-11
24,0.04787036257377999,0.5232754184072388,0.20901964181344418,-0.6016091016049016,0.06857076337754146,0.016609022760301632,-0.6416836545649227,-0.4461725708405895,0.24252756242631696,0.4216426754057959,-0.45082311108150813,0.31857723891043127,0.5622658671778219,0.7806532948796263,-0.24731207712720513,0.23765201548241346,0.1549650919319323,-0.3162027505017646,0.1978292622248386,-0.30031699771293385,0.4125171599854286,0.403919876148221,0.3988790825704448,0.04249590589684299,-0.5849497766177809,1.029435094318791,-0.040322315646317886,-0.688381366358767,0.20497839716837135,0.5824130873713336,0.3726014569644554,0.44363896409986403,-0.1301822816893324,-0.2771622425809655,0.005597142040142658,-0.10993151916849855,0.21572282843932655,0.07415196944426838,0.3678832461401803,0.2995851027390667,0.12192053025999129,-0.08227858372964414,-0.20122858353488415,0.22740370646950686,0.1465226418172968,0.4441711140914484,-0.9760770796682455,0.029000310529597263,0.40042995711313906,1.0376352843362373,-0.7847284712948078,-0.37210581208431404,-0.38082793996375,-0.2512146749238497,0.03684168959605795,-0.7239318367346669,0.20109429160672052,0.352020591312594,0.1350848510802004,-0.7073792972650054,-0.06242111171520141,0.7217272923449379,0.2266743519738619,0.005274426312371511,2020-05-12
56,0.23155873456381454,-0.0790064282570961,0.24536979897241162,-0.6047474149463172,1.2858576024997364,0.054703658615707605,0.08093941069407377,0.22905430222316697,-0.09556046486287631,0.3176707809833616,0.531897098289507,-0.24399043441237397,-0.056410744333192826,-0.02206274213615816,-0.05532037273795144,0.4194126892031634,-0.05769102552504191,0.2968936316216054,0.876190846624066,-0.18746550272619353,-0.256577868114109,-0.6351877001301887,-0.055108027731986704,-0.14709244115912803,-0.016690323395584086,0.15901891670151522,-0.4319985689411225,0.799757829310062,-0.5048150005727824,-0.23425673453942633,0.3882742240871262,-0.7059224075034465,0.2732441931945459,0.35845073174739345,0.216491398143204,-0.6273203206587058,1.0650715613960595,-0.11730608766485147,0.3409288540504194,-0.5885022101945361,0.06888815171579467,-0.0192076740336265,0.3354678033587669,0.47405070398813454,0.02998339309628882,0.30404568823908723,0.3441026131268748,-0.025718129131003197,0.8226406013614662,0.6450127475458908,-0.29505556768354474,0.8314276282221635,-0.17957414257561854,0.9074131408087933,-0.5777121298102896,0.39669311054337314,0.7713549123218629,-0.28836416890645133,0.5691938972483068,-0.3820863138779272,-0.040637274110721704,0.05987943428879392,0.036146727895707935,-0.3305324628445787,2020-05-13
67,-0.2829675084419214,0.2009057521439062,0.30526429754627543,-1.301766762131178,0.3578119035290198,-0.06179957588157838,-0.6443579169472018,0.18808777602653098,0.20058136784748584,-0.5930034916540144,-0.5368421999416484,0.11646698723998732,-0.5364039089193583,-0.29772141209028896,-0.2953102403948586,0.2226279835941844,0.4225654773922599,0.7556429398452845,-1.0492413940098895,-0.6481616642757353,-0.9554025967863601,0.1642218343967857,-0.11547748643328327,-0.5873023120658867,-0.03252413450695988,0.051816486516709705,-0.72444452878568,0.8019645278465641,-0.344979858978969,-0.9509185162788628,0.1877778945472813,0.2557631897027154,0.8303653065022037,-0.14811965111124797,0.7716930685702131,1.7757148025451166,-0.17831215538057454,0.3440064918396979,-0.18290412725134667,0.2710951767152339,0.8723286858467538,-0.35668825945339727,0.4526143280549548,-0.5352442923985525,0.5122810929211918,0.40539126814307397,0.4369631312253766,-0.45758741215026266,0.3315387859102604,-0.06814902579452199,-0.8489363057161191,-0.7212567742156505,-0.8752701258860642,0.06359629247280808,0.05829355166936591,-0.28335741918881413,1.1782198589850177,0.8216971123673058,-0.21494476229091725,0.22205133936595672,-0.2538926943211938,-0.035052884169266434,0.12319223251439,-0.6940193388442049,2020-05-14
26,0.6111720643791866,-0.5186914218936693,0.3613429606775014,-0.4756795357405555,-0.06775642757841766,0.13999381607497544,-0.08336512295333325,-0.1358107896345519,-0.07843918388083783,-0.2939099922296504,0.05804542666678376,-0.6560721395824753,0.4665742294932226,-0.36686486873867713,-0.11728481405986238,-0.2363753817144013,0.1424902389229658,0.1503987487122104,0.37377927109347675,-0.598544427208624,-0.1576792247412256,-0.12858043698500696,0.5001579003611153,0.7495576391543982,0.12667001726695779,-0.20097283681927822,-0.60757209615327,0.33008318397585457,0.018087909863654113,-0.10862891617724214,-0.5397017563800517,-0.37540688425132324,-0.40918537340419536,0.6036621657151514,-0.5471043828017426,-0.4711652199238731,-0.6173352249017175,-0.05837362022393561,0.5024427592184563,-0.2693107183675901,0.46346456917089307,-0.26955938200771956,-0.1958792461077246,0.14107513115707318,0.18785098543072296,0.24165996487756222,-0.6986669841889219,0.3047881264636891,-0.4806082725815486,-1.0530639404220934,-0.43931517763029493,-0.0037660005841615874,0.6439999113951623,-0.36713960911192317,-0.16924540158431156,0.04738754674502667,-0.44480510231235426,-0.12431214813029187,0.05236530256098998,-0.3803537302319317,-0.0847659391076019,0.5850860252783764,0.3597525249457395,0.003956746680275125,2020-05-15
96,-0.25819665939576925,-0.3231870856917851,-0.8541884916779454,-0.5000592837594738,0.8297611606693506,-0.20690860675851874,0.013523887283273113,0.47965323870745347,0.5600142089679565,0.1280311178574781,0.5848192446888788,0.016332399758935835,0.6995064352125804,-0.08132170702824792,1.1993702772927606,-0.17137171923401126,0.4390516229399841,0.07042649821490271,-0.10079532290336143,0.426224955868097,-0.72054494253062,0.21286597039304098,-0.6639715960691411,-0.24296032154218683,0.13754393961355055,-0.6731424901028943,0.6507330981370452,1.0229932961721286,0.8539237311923775,1.0529272520598656,-0.06497796702608091,0.7884736027275563,0.060747736137603085,-0.07980849201045778,-0.20779916089278572,0.48112568848475096,-0.11889443681696835,-0.06850774337240473,-0.4458517618098057,-0.4504484494945643,-0.4251698397834645,-0.12992353081406546,-0.6088312359660817,-0.5754615664427649,-0.5661910261741142,-0.852898617937437,0.26196124361629886,-0.23006287512076132,-1.1730633567345279,1.1307053229343846,-0.14024239524154733,-0.9286054503471923,-0.021073376605488532,-0.7310284145814178,-0.57260475117618,-0.6801113820618718,0.4280374626799042,-0.3668595257243665,-0.34690344680752483,-0.06789246906191596,-0.4724564262187769,-0.06225278489498059,-0.35261371743821485,-0.06127151507076263,2020-05-16
97,0.12529616930261503,-0.289383976875646,-0.1381928338546176,0.26987791888967944,-0.3470975997329969,0.39651103646130953,0.4393053833733132,-0.27900516280168375,-0.39116034373826203,0.296084084253294,-0.24092121150112067,-0.43490795694658774,-0.8955269627726667,-0.8123732616035023,-0.6691874384669523,-0.1934960414192904,0.0760032021205774,0.34763194590354635,0.49095335986444827,-0.25658770248310786,-0.11579104944742068,-0.6745745733270071,0.04258138322929787,1.190879810958971,0.3109015392385438,-0.5502551325586544,1.0338085060223403,-0.19519021063764333,0.0019791579335303225,0.8252137968309614,0.4086196348725978,0.021294898526012178,-0.1514292804349145,-0.9863216658634159,0.42474216191558717,-0.3687136256567626,0.9524079999626132,-1.1004850198455125,0.09510551084235006,0.29215275638135546,0.1157731927385329,0.543892497605837,-0.33455626207139266,0.21550397374778363,-0.023024810364209784,-0.7393300670762639,-0.0244431198110951,-0.2649112874266538,0.5642711761594629,0.24121158202431262,0.03473286551001398,-0.07982184394557082,-0.11540007411129682,0.686131382642079,0.2957043281843571,0.189585942294075,-0.7136207310570953,-0.5128402673191551,-0.09877189174040564,0.1272570755774738,0.6136223822396326,-0.24379993891197876,0.3030407316916551,-0.15031583458087763,2020-05-17
79,-0.1469726824412019,-0.7919511358892327,0.06808167820018839,-0.27859138747331397,0.40868777231555836,0.020162386435113,-0.5413203791579709,-0.18314161347018693,-0.07802070027820315,0.16352262110785945,-0.06139914042192096,-0.24475374897144903,0.10946986795418115,0.28948235862242305,-0.6687389464653588,0.03312803460414279,-0.6308908345421229,0.5311758116733819,0.5233759223072504,-0.17801192471462224,-0.4893481788436621,0.2180218624376226,0.1244063434020758,-0.4051719012163322,-1.014501289268696,-0.7288639632178944,-0.2877679376226333,0.5149822572375738,0.3504829284431076,0.18181243061593944,0.3607559451940485,0.805300918341772,0.14416689106508776,-0.008355347309889733,0.5284004157139481,-0.06868513926790099,-0.1062451646815099,0.1557152275851711,-0.44535570672143654,-0.26469055391856666,0.2476935482298963,-0.05208333457725116,-0.007233356043916904,-0.06513693770927968,-0.7681547247003396,-0.8169630976076869,-0.11876899117471872,-0.8003403765203111,0.3437129341395944,0.15415402304102158,0.19256504324415089,-0.15596415290165241,-0.008392257371812092,0.38764984740996056,0.4334411149405976,0.3761854611370747,0.2754926827396879,0.5144943558730705,-0.16606410992265908,0.10071403967983919,0.044263664028745764,0.0710184905980514,0.23810710467306737,0.2878481630777025,2020-05-18
29,0.8283012772014535,0.0870921516475109,0.37039036121862184,-0.15888879804354264,0.5268444919426097,0.8593541527653691,-0.47728285217841415,0.6247801598252043,-0.12962610639236788,-1.0502087250258763,0.13929505332126932,-0.2280250011997063,0.4116616844878455,-0.2127497390088357,-0.5245039728329615,-0.3066835800091964,0.14357072739134077,-0.4005537124768337,-0.5324482280886816,-0.015949152110428803,0.3020959714777911,-0.5316837263744947,0.14385475235845338,-0.3647954945470576,0.0442026181723988,-0.17531239150526037,0.08442922780225537,-0.18393088907399785,-0.5342156609185393,-0.2708071422462479,0.9847095576392727,-0.3129365903165317,0.0532528256156363,-0.32155957027426046,-0.5826261272234844,1.0251729738408524,0.6477130420728233,0.005949713195626979,-0.0710743573185593,-0.5471703457071697,-0.39305709057646826,0.304710054277072,0.1907433476401118,0.03292319457160976,0.16900075808110956,0.2293801848615094,0.46197834888575284,-0.4952818532947372,-0.32708361967527516,0.709396800493044,0.3827978524825656,-0.4469571260570856,0.7494469498548472,-0.3843405789659916,-0.9970935438905703,-0.6986321846761783,-0.35890806354153826,-1.1113277399304489,0.3431253337834392,-0.24711160789313547,0.3975521222875032,-0.16327349411272424,-0.8660110244905894,-0.01287270859891244,2020-05-19
28,-0.20356350472028498,-0.6560342534351402,0.4507738586230706,-0.7451602301199464,0.7796581266642333,-0.46892581095947233,-0.11617938080263644,-0.8993375103458007,0.30598295591142766,-0.12240989881714552,-0.7047132313550823,-0.4087887651159287,0.44960973558252376,-0.35368227706305183,0.258134033610929,-0.09130411198917518,0.5211783178639061,0.18041575641501822,-0.5508997916348388,0.07433880661498406,-0.041830220738241296,0.3852987081955167,0.18236636819465168,0.007228667275227907,0.420910806004863,0.5077236888451094,-0.18859574182035682,0.1606709700958006,0.025720591051609586,0.2829991004852894,0.1313251276075555,-0.5265188511251865,-0.7022965816636543,0.09766210124335312,0.39935302706609316,0.37287905300048163,-0.8701064388682215,-0.2426427250721111,-0.4047232061118878,0.48951432769099323,0.134856129773123,-0.09856681516171466,0.6620206848202466,0.129761860127762,-0.18575543933529806,-0.039282195198974454,-0.34308694937004225,0.10477567128677887,0.5525005927777742,-0.06726232570242198,0.26698270957525433,-0.16582702070011549,-0.4467614507297354,0.40342647538643334,0.6949736552176267,0.2262592619510518,-0.6707264599676439,-0.3806586286501337,0.2581049137914244,-0.022793538774856178,-0.5215464427958089,-0.6961845671528187,-0.3795548235856587,-1.3916395977186833,2020-05-20
57,0.6217134713881226,0.34446181200462733,-0.5199797413398879,0.852709005150982,0.05319851667532663,-0.14255461957827378,-0.39885937768917273,-0.30319963655088256,-0.5980897595893249,-0.31523169574532306,-0.7161237199311846,-0.43074429302051326,0.338027190360945,0.030701303406399417,0.25110008216557433,0.18697468775372264,-0.7807132494948662,0.21745958875902796,-0.009107863585476323,-0.6745413612863673,-0.5800753834853691,-0.1896559816968489,-0.3778681129605408,-0.18124957937798727,-0.4931004435405861,0.1399240819282422,-0.6923657583797944,0.13150337989888902,0.4256543541142599,-0.1556133775291646,-0.5900823111527679,-0.3097586697293866,0.017513520173374385,-0.17443346005409016,1.0377963860656627,0.09828492579898303,-1.0481987183203607,0.45065514880576313,0.5576204656741894,0.32363787497924723,-0.551000536637357,-0.1068773278261489,-0.284302151189453,0.24861787010513636,-0.1938621307118349,-0.13413856818866407,-0.19043647565920058,-0.10902794913249614,-0.07281147974946675,-0.07904939807028705,-0.612910123713258,-0.040016649009755156,-0.5855872914870763,0.299913300779979,0.36754830143378114,-0.07805883258878102,0.21246433907766143,-0.6876206501402637,-0.5095963558563879,-0.9694812224320335,0.48855238288507336,-0.9469176701106141,-0.3052209111537306,0.17404856901614987,2020-05-21
9,0.04881917162624494,0.8467736123566081,-0.34170009627948306,-0.3853328390969905,-1.4079872453458617,0.5274085428437615,0.10638105494614765,-0.6181492104977689,-0.33891277355183963,0.651251920023555,0.7182523713753035,-0.24800816625980765,0.6101390838842365,-0.12115007144047953,0.04959873816352311,0.7791181036007151,0.17540695653663696,-0.7016926445962021,-0.0718291176276236,-0.3729204505295936,-0.21806689943622892,0.29922565582440325,-1.023817166391991,0.0761377761777795,0.277311241054448,0.0841636140748323,-0.38180382207233843,-1.292183211182646,0.3564613089518342,0.24261220275081855,0.05812849005530818,-0.8689673387950081,-0.4317167846594462,-0.5346298477146205,-0.37659923743505913,1.2517933963447387,0.40005134189542185,0.1929127800131508,-0.35701402358367795,1.072863713577197,-0.12459339275574016,0.06644786109014438,0.5420359781207321,-0.8253253336002155,-0.025590853251446756,0.35262451125562644,1.1278860956531453,-0.28818048802747154,0.14791064461199657,-0.09325064720375531,-0.7326815041275959,0.17971747593861354,-0.40516684941261133,-0.4572670401425422,0.07404698219032281,0.5745723998032758,0.5489515515191293,-0.293660243754469,0.42187890030172837,0.35447974754344447,0.14971418267032244,0.1959278743227526,0.40631166834603477,0.6312193625349561,2020-05-22
85,0.7853388267061329,0.20403583517288323,-0.5913059851741269,1.0378011958563589,-0.14020843500957417,-0.333266980832109,-0.4820336988609071,-0.15656598795477597,0.8736038176188987,-0.15276716549363148,-0.34328064354043925,-0.3394164143253551,-0.09487930724255735,-0.056086570472471765,0.5607186040601013,-0.7043164593305927,-0.6747769750514759,-1.0949272688906504,-0.19297793188540585,0.24192186129220228,0.5072500641940451,0.34017075711884337,0.34217770118533947,-0.08124073451366752,-0.3111923084040859,0.9453807146490568,-1.1128464070875792,-0.2837250718563231,-0.5858685184442283,0.7460741063757671,-0.24897749156621676,-1.0240534001336994,-0.2452872969081094,0.3730050330885349,-0.042401941999416055,0.13635118842384847,0.5034236412850072,-0.07354993540067423,-0.525497394711077,-0.397416758512574,-0.40795679476226937,0.17588377827290713,-0.21966166750573404,-0.33498127581626136,0.02280368157400042,1.0987831882524866,-1.3180491849159135,0.7718158154258854,-0.02759229142095652,0.23254920165193255,-0.22740402689366557,0.2795487903027369,0.007944388851976125,-0.7059153303098502,1.1157230894842334,0.7446487783593814,0.6065367020172153,-0.19337632625295226,-0.23757754315843718,-0.166623265853799,-0.43763875023702864,-0.5579678988654692,-0.24362783796601728,-0.46422389344266746,2020-05-23
36,0.35884055364516143,-0.48669223981845233,-0.34678349487830185,-0.4694276930376082,0.4158793696889894,-0.03400237766200166,-0.4226305601963714,0.38285457592618777,0.15361457539405785,0.24730662133098955,1.2917875598212467,0.18865479905215646,0.7034871395653071,-0.1804306925199487,-0.36258814755812885,0.46542075890207035,-0.2488936655596157,0.0013100376765031525,0.4403460584873419,-0.37842407011442303,0.33557092075328426,-0.28940203207324516,0.056986325663715545,0.9609090503594729,-0.10721119201924942,-0.12140412181857867,0.12590726808557587,0.49865258033896914,0.9970263158183423,0.21435807841249274,-0.9593757489916636,0.578242462762407,0.3996881805288419,-0.178586690165552,0.2866610824555542,-0.036767675816546504,0.5695298691247282,0.0122873879874014,-0.048877481754241794,-0.5680235151678549,0.3034565273171786,-0.08402022220799515,-0.23136073576905578,-0.15344682966689774,-0.4955432193526133,0.651414836370972,-0.08755811499256541,0.9817736094765468,0.23363692635939562,1.0285234536301398,-0.9483933784182996,-0.26626815123387293,-0.38486699863564877,-0.26895513016633066,-0.06950221195078549,-0.34484897113322993,-0.2020134643031878,-0.13413441682073368,0.2012453935814981,-0.8196785462902787,-0.1912541514725671,-0.5365393169976579,-0.06643611193154093,0.718133951697341,2020-05-24
72,-0.6256629944118869,0.47646448014049525,0.34764599946754976,0.5023048834870932,0.1518372885992456,-0.33115845588944853,0.5846903344551488,0.29569564979598245,0.641715808563029,-0.8023856441810145,0.42862709477185035,0.15162812358190364,0.7540398428759362,0.07502613061121649,0.3279135045668208,-0.5063225923362623,-0.5095789284899719,-0.5277466897623232,0.4411041762242887,0.23582981204814657,-0.884767616918702,0.3242060297935111,-0.2911653197015822,-0.6386321155819322,-0.07448978325141645,-0.23734448218577045,-0.451126562779316,0.3359944987539217,-0.3692512210097654,0.34747927234672776,0.30787009149537115,0.28398877981722853,-0.3196539070392127,-0.11987153962268929,-1.7163319712019482,-0.5056356618293032,-0.12940842794513094,-0.905703070095227,-0.18721939151960632,-0.5699741275360253,0.63639937941434,-0.07503011992017047,-0.8589457152638118,-0.3727851165091281,-0.0018163169056884367,0.7449343280488109,0.6975542849142261,-0.42361043302906903,-0.2567557516160879,-0.42870270343658634,0.002758423061380079,0.7408813046532038,-0.11842631530639613,-0.43306172869105064,0.21469043577897237,-0.548534572111127,0.3476737140190697,-0.01802872855895404,0.9804843392751713,-0.007518305653812515,-0.6879004017705458,0.07030851089101975,-0.1378931075936049,-0.6161615901148715,2020-05-25
94,-0.232135648753582,-0.24190412538272632,0.7836441445397333,-0.1527566354555089,0.017101457199065234,-0.1251469041563899,-0.0312748830735751,-0.10290537706246007,0.06675370839687321,0.7934869188386565,0.9145313962261385,0.39657025287896197,-0.5195718375236176,0.6431624770878465,0.2936618507374462,-0.6095611964028818,-0.24977947584750637,0.44281768836303353,-0.05598597775059996,-0.13607822471648487,0.1986524004630837,0.27068188558667,-0.45119297076385245,0.08592441953894255,0.038534702547209324,-0.07581585821245336,-0.7983994155587726,-0.7490363966826755,-0.9663175047557356,0.41623236991600643,-0.20780923100853357,-0.038775536467346695,0.19737569517489992,-0.24205404497998392,0.3575220344040847,0.9632582934610369,0.3256947728526731,-0.7595285936121473,0.8326681860625447,-0.49162096068905475,0.07630270699024871,0.12232263137973098,0.5123065120565551,-0.4273478718108273,-0.1618195462875668,-0.057141862095366765,0.30649471588488303,0.34321264305304167,0.6287815929449326,0.3133337778242881,-0.9372568358962442,0.7116130230455189,0.4746493671081978,-0.018601521469966513,-0.39096533566115366,0.582087879587438,0.7209685626469161,-0.5350750326683485,1.185745316556578,-0.8014888426665591,0.2029388536738469,0.4066284996660986,0.1540771147698517,0.3615090887747034,2020-05-26
74,0.6312463471585027,0.7183401947994603,-0.49324087847596976,-0.46542205640266265,-0.04355743372557896,-0.9238642254896857,-0.10866218086590758,0.17126859928519916,0.5713933321141283,-0.28122684599860737,0.6726088449118452,0.3055747194290552,-0.2875672524469492,0.07409621729701375,-0.9437236756359466,-0.8595343920829481,-0.06998671518878076,-0.7219235311689942,0.32364646382665857,-0.1647956650955971,0.12259279775478787,-0.6924255877154206,0.18087652721840852,0.1631775907405717,-0.0007296307568421432,0.5174174012895789,-0.024748848801074943,0.05289652557045925,-0.1498874073533902,0.3589899107373908,-0.36494877130906794,0.18364270936560662,0.36944986628310184,-0.2416040891117316,0.1499594060728986,0.44218707514541583,0.9766169266380483,0.3728676063953521,0.2887855905071314,-0.0009302800580650288,0.1761926584705821,-1.2973849527036623,-0.23457212388838214,0.28266970103134564,-0.45315015467575076,0.1594676505900783,0.03133747899390615,0.35635793553396483,1.1030021035505577,-0.8194214729759369,-0.11115770478986794,-0.5320680733421712,-0.31860421190918903,0.27733456683484664,0.33697175156442005,0.21475491220761006,0.20539760495354384,0.6306213823867922,0.7936271144506436,0.21373533365833267,0.3594515340765764,-0.6625445740729072,0.3095140268343076,-0.1924948745441485,2020-05-27
86,0.5996427498029057,-0.1633836156212394,1.1679360343417293,0.6017160426745861,0.7647013752542193,-0.4583916144643927,-0.02203653211111459,0.17600771565101186,-0.5777968610803293,0.890156218636252,0.15302764112146275,-0.6218776541636545,-0.6484499296077343,-0.6102284396381225,0.06538885226088685,-0.46221876180548094,-0.4704245553778467,-0.37351095010515456,-0.7181020220335739,0.02733108715474086,-0.24667867533042742,0.3805386421883452,0.08409641478715994,0.9636440234794397,0.29371212732697377,0.15608943308848133,0.24476086506119935,0.35705121165338877,-0.049693073870289546,0.4460636504072708,0.10666652333813437,0.3509065029217774,-0.21627941397882722,0.15829128211179272,0.19056661366797467,0.054474385308701,0.3979731225309497,-0.42203954699590635,-0.32816377692027493,-0.07591501884155509,-0.02430308168656998,0.3274862815549134,0.5062110915878197,0.25591359407982717,0.668741709433841,0.6680968868451669,-0.3126318911724302,0.15777112309138258,-0.07695296128496376,-0.08407007034275386,-0.9186318929650349,-0.9568512860822813,-0.15018739786845023,-0.6271394987963513,0.04871771282555009,0.6543673725406768,-0.06051222894532184,-0.6001341486863131,-0.27600578626177247,0.20835316883940933,0.26294586646055906,-0.009343280545264501,-0.7509801049571703,-0.6851520867484856,2020-05-28
83,-0.09498638760212753,-0.5362197460335002,0.4782666139510391,0.2100837111876981,-0.4089777786541907,-0.10687091818578624,-0.019075006943437136,-0.335072430460096,0.24245696503649852,-0.9083006630548041,-0.2907083518008445,-0.42710824541188186,0.9628278500372439,-0.39552431925315623,-0.3488426549653932,-0.08183913024514551,-0.6403706831250251,0.11076627826505363,0.02306263460033414,0.9078599952265888,-1.480384089404362,-0.20299555945448053,0.1684455061669418,0.34949047320866594,-0.0738035647421129,0.4509408239951542,-0.6079197583016792,-0.3459453404143643,0.003793158000226502,-0.6571597870059941,0.5618068644321448,-0.2436718491256782,-0.806461988913743,-0.2564363776471784,0.8638543484267647,-0.07189407148218004,-0.1703693771596105,-0.13977274554611566,0.6166119676655312,-0.06615683397672946,0.2410659706793059,-0.15997892366804123,1.0521359052177799,-0.3233536665621393,-0.9191171886664445,0.014124254114918942,0.2170516995208578,-0.0871250106116371,0.15524718560317613,0.713461252941147,-0.4099519141157131,0.017459151525884925,-0.2292372428475314,0.462434063392844,-0.21565727500766224,-0.0622856554725493,0.03935116196551375,-0.2659366872699549,-0.16392985753699615,-1.3413234277262627,-1.1086485943901985,-0.7037558043195844,0.47355774736244743,0.39024213321119705,2020-05-29
5,-1.174628651323126,-0.5736710508965358,-0.8855035224211804,0.2853106176682114,-0.12548492802265354,-0.3709666333191414,0.6598634364006378,-0.4799060865876209,0.2881375381050472,-0.4389222091343044,0.40436154980503414,-0.12472956530667445,-0.3582866162525796,-0.8020052494417197,0.5081543601524521,-0.664796556015692,-0.35500206281799923,-0.5690617678447555,-0.24006472626299682,0.6128288572182031,0.6874102656036749,-0.4397931270910474,0.48146553776124973,-0.1225739056034164,0.08327881725004743,0.5323544768221896,1.2207328300198155,-0.059109736810266114,0.24093402389930596,1.4715578038062498,-0.3784610773627673,0.43055264731629717,-0.447932748895883,-0.5643032048887259,-0.040170335590775166,-0.6085003681940602,0.20609259519057388,0.9501528242994003,-0.19933304050635509,-0.46201325421923173,-0.3430817045494632,-0.5975074843539481,0.33592528616049605,0.03754177540857247,-0.18699146659137766,0.16290815319739055,0.16482193073038331,-0.2438203897122164,0.7408969538337792,0.005117910552628535,-0.0958035419605696,0.2848463600661403,0.08755443929574928,-0.45499434859984145,0.8117811718170505,-0.8808493971994463,-0.08592443430770726,-0.4775187293805892,0.23662370711169,0.2504950684372515,0.5710580487368928,0.6551601585521206,0.10168858232912202,0.01776629558714805,2020-05-30
