person_id,methylgpt_dim_1,methylgpt_dim_2,methylgpt_dim_3,methylgpt_dim_4,methylgpt_dim_5,methylgpt_dim_6,methylgpt_dim_7,methylgpt_dim_8,methylgpt_dim_9,methylgpt_dim_10,methylgpt_dim_11,methylgpt_dim_12,methylgpt_dim_13,methylgpt_dim_14,methylgpt_dim_15,methylgpt_dim_16,methylgpt_dim_17,methylgpt_dim_18,methylgpt_dim_19,methylgpt_dim_20,methylgpt_dim_21,methylgpt_dim_22,methylgpt_dim_23,methylgpt_dim_24,methylgpt_dim_25,methylgpt_dim_26,methylgpt_dim_27,methylgpt_dim_28,methylgpt_dim_29,methylgpt_dim_30,methylgpt_dim_31,methylgpt_dim_32,methylgpt_dim_33,methylgpt_dim_34,methylgpt_dim_35,methylgpt_dim_36,methylgpt_dim_37,methylgpt_dim_38,methylgpt_dim_39,methylgpt_dim_40,methylgpt_dim_41,methylgpt_dim_42,methylgpt_dim_43,methylgpt_dim_44,methylgpt_dim_45,methylgpt_dim_46,methylgpt_dim_47,methylgpt_dim_48,measurement_date
65,0.9688434311829746,-0.44608302101182423,0.8358954883416899,0.1647418101103121,0.7506661659639152,0.5779377532053056,-0.354200229101166,0.8883599040437508,-0.6223301667326377,0.2223566818147316,1.1820498041127458,0.2567820370272287,-0.4527065580268727,-0.3865450868955411,-0.03109352166663174,0.33035797554050844,0.8411579607232151,-0.48256424546296495,-0.8001209315190542,-0.5502620582591946,-0.20132030114019386,-0.5846426642587991,0.4199082527634377,-0.6704059653228246,-0.8019376258393272,-0.2286141464177175,-0.32148114411270545,0.7490068842767511,-0.1374970508879215,-0.38359066262596564,-0.24001646952662456,-0.092696810105092,0.542267668084117,-0.3724019863515406,0.01525228201576054,-0.11356122421681518,0.25578821044447064,0.17851417236109582,-0.003044857673147764,-0.28808310313319213,-0.08382839200778805,0.8309738928034047,0.18961758485626318,-0.18263336200445882,-0.5876809115982046,0.09023318257247635,0.6745260644720933,0.17385717811653634,2020-05-01
83,-0.30215255661991386,0.29282127691905224,0.4599580969290653,-0.8021826810149255,0.43031799011840893,-0.13626944039025443,0.058338358429447894,0.6820441056938868,-0.08300954104026369,-0.6922974791126254,-0.24250156810945125,0.310689787731197,-0.36554865553644855,-0.9257108663469189,0.24501444712699497,0.024001960502027356,-0.3224780960692315,-0.7268374920923698,0.6558552787909938,0.4101818947219317,0.56877142688767,-0.12143071016480705,0.24033643499132387,-0.2710209565883778,-0.23877157550330375,0.719036811035682,-0.30673820838757987,-0.7673751039021144,-0.7641879440214284,-0.21350379473322742,-0.2941810901012561,-0.19304603759045252,0.41848184649988773,-0.6944527879751171,0.4459403601485849,1.2144504362919466,-0.6219428257053419,0.22717730271729963,0.22084862646504697,0.7409321264825025,-0.20080869681131164,0.05452567044678826,-0.0730981909492645,-0.890386968017117,-0.8160882782290285,-0.34574571859139747,0.804258016067494,-0.6426391157109114,2020-05-02
74,-0.25624096326774976,-0.6542951855711451,-0.17801128951785422,0.03857166759714098,0.8702312227234615,0.33864317650468884,1.0456020860178104,0.07634609561478212,-0.3791292116321126,0.265911216898811,-0.18848529280062282,0.4409002265695834,-0.5204542254932935,0.5036665967597659,0.3644647270981506,0.41112320232335037,0.12490836343387345,-0.19128471554063756,-0.6033053507980916,-0.3427187863271892,0.02509604523158991,0.5166759865072044,0.33237477165679996,0.03801856533208308,-0.03798975813070817,0.32910791492271846,0.78200964638256,-0.6908358396630505,0.09518227780678205,-0.6838611770644879,-0.7295391838222476,-0.013083262346672083,0.5384808602365888,-0.8076275470266171,-0.469963446521604,0.30250253382120995,0.4402667051520703,0.0848781360421896,-0.1602698444984301,-0.0641273521488439,-0.24609561315112974,0.07885106051835972,-0.3119993380431147,-0.2817830850554456,-0.17254039620043685,-0.4046237672157577,-0.011526282205808548,0.35618106673506483,2020-05-03
72,-0.42653190804829894,-1.0174894023954137,-0.2264576337198899,0.058646584674419765,-0.2846940395158648,0.62416355971537,-0.31910115144570556,0.6797311799012908,-0.18977467441149193,-0.4406054514280067,-0.46211883332143633,0.04498912740724166,-0.2949990910257079,0.4448280099861232,-0.8328946066012158,0.5311819810973638,-0.17737414123274153,-0.313682146064564,-0.40810734795544334,-0.18191160186794672,-1.1645939257177476,-0.5826283754953621,-0.21944840317467487,0.03431708731529399,-0.030593955305062717,0.339819427704206,-0.3929675850227757,0.35772995235971256,0.5570753896593093,0.7139988901062321,-0.09849120007988629,-0.2726261435082171,0.25878825151613444,0.34190193451578893,-0.1961500090343055,0.6551872661955269,-0.37631638063627676,1.2401306531288177,0.7189205307893212,-0.04666263068776305,0.3911577907715034,-0.4644550091327557,-0.0241864868919613,-0.30623292050681766,-0.16199973330991965,0.0044168500509651695,0.5478785843873556,-0.10562668045908925,2020-05-04
27,0.6727497782369154,-0.5205038064164689,-0.8087158689068786,-0.4685666981221234,-0.16355407369824432,-0.11533527293049319,-0.6543092439899916,-0.33879911910030547,0.3358074066038847,0.2702646749149721,-0.3704704029184165,-0.3051231580583251,0.3012449121104148,0.08712985866046856,-0.2731618546002149,-0.3596009245311258,-0.33020840296740267,1.083699607891302,-0.19821320137507523,-0.3146447581782444,0.23855093622912485,0.22532644432123589,-0.0020541645569411206,0.4132433098476237,-0.908703565728799,-0.7729532696486023,-0.15429468388720524,0.7295332600274738,-0.41830252792919037,0.030054834465420746,0.28166826543543605,-0.49447616631546026,-0.05462094923266337,-0.10411765559079515,-0.844091022738106,-0.3429926019199217,0.010410194524733333,-0.04539031054495483,-0.38104546073570794,0.37805781428550667,0.03161108258543802,-0.08062472880107255,0.043969810773567625,0.24774949985719102,0.975726115464463,1.006470152103871,-0.3304752746740327,0.12148687085538597,2020-05-05
45,-0.0019712224337353097,0.307501147417061,0.08835811944957526,0.10403395421088785,-0.17823433573904943,1.1633850483953783,0.15666299652092258,-0.48146036931497355,-0.6535966589750956,0.9928070685578929,-0.002615193146323992,-0.1562784432574639,-0.03578676139292787,0.6292284293762056,-0.024942186197687816,0.5181000359221781,0.7832545279584927,-0.23348550650949357,0.4413913785228065,0.314049499486743,0.49075459896405615,0.731164160531846,1.0652951565930402,0.2232639342252302,0.4097143732604492,0.08328292862917869,0.008599441987532166,0.5105073386614347,0.5090376861104707,0.867740304665933,0.9830530208993452,-0.8780652905879432,0.21426153046743202,0.06240933109230789,0.29898286892718295,-0.2624546837997764,1.2952892775215439,0.7908188153820938,0.33528501762353635,0.004461386151915001,-0.3472893674691315,-0.5037696369380364,-0.28066817292137014,0.0017172665877714071,0.3520524558741632,-0.5532541389470836,-0.6711195165263797,0.14786356479090249,2020-05-06
57,-0.11433895543415436,0.2079206862082631,-0.23189254593812217,-0.09825219756058229,0.40726866295489933,0.4085180382952154,-0.05589225251067353,0.01509557464930637,-0.34574835383064323,0.6624665041221443,1.170706376761729,-0.2611084010316436,0.050065791879227696,-0.10057080769758384,-0.10483938325395874,0.2545582060996429,0.482912555181345,0.14207372905584809,-0.12440724137584759,-0.5874242435149766,-0.4380458541968771,-0.28749632503158906,-0.08679693811141428,-0.37326361984835116,0.12465140920524832,-0.7076977516144077,0.6253450110685919,-0.406836983582761,-0.8974488648463287,-0.03700148972152752,-0.19553148416023247,-0.24840952857367213,0.0010067030628653558,-0.16496167783312543,-0.272416632186486,0.30872071926075706,0.31890160138860923,-0.12271793526288376,-0.16709712235033308,-0.10660183028804801,-0.499805819716022,0.28093741086562113,0.16449540950863467,-0.4151320732598931,0.9046749567730107,-0.29408602216198104,0.4440463640794223,-0.041260178270610334,2020-05-07
42,0.32917328569293564,0.1477276851871317,-0.5365570918143124,0.05311474558186247,-0.6487547575781558,0.1049791838769769,0.9558091633943886,-0.4639739652359395,-0.3304770800436221,-0.5419224923884776,0.7201612032123924,-0.13049855332614618,0.08480075246351053,0.04656122762946016,0.7843243132212745,-0.8875035675342176,0.6651103905745192,-0.4436790500632863,-0.02292099406577738,0.5866560155139765,0.8863011689149611,0.2854025548469404,0.3639618315657856,0.5216835153046915,-0.20196897977139552,0.10697256486570175,-0.5355070454334769,0.24820408837166785,0.616830070883671,-0.3776915783829968,0.3646883691288446,-0.276536997762365,0.3554354544046361,0.18917628855960716,0.21885696984841735,0.03707985655668593,-0.6675268892848428,-0.4900243986263397,0.07504033070573857,-0.5467395476031487,-0.5175911085173516,-0.07326543751739585,-0.2542950314849323,-0.609104397064331,0.5329661494424583,0.14998996818730187,-0.05545587359856078,-0.3410604268435396,2020-05-08
25,0.025035341549813222,-1.0546709892741803,-0.18902765983752862,-0.6987363415729342,-0.23129796080076545,0.021853206176513044,-0.600879669048698,0.94858207402652,-0.1474389711565468,0.3481984783509062,-0.36818212479013335,0.11144743135468721,-0.20417449714900446,0.6329985261639054,-0.4617313511641532,-0.08949915989048252,-0.2371396429297045,-0.3789101173531084,-0.8009409503824675,0.7444589045185656,-0.37743923303863114,-0.4061009720738548,0.20821909354583087,0.21554564420765004,1.5928969690017905,0.24873231039329452,-0.1954011634822038,-0.14861328453074424,0.3430690865591607,0.3354925973052334,0.10946878020477636,0.04792976566806861,0.04513164696908637,0.017714530576490264,-0.09075834433143572,-0.3341414117705639,-0.2529624897798203,0.37035791937283313,-0.2610449192762893,-0.1926364826133014,0.30136650515841507,-0.25417540792567095,0.7027158689488597,-0.019021691243164794,-0.013716456569701291,0.7529431022122458,0.02777329707102691,0.12751800793261697,2020-05-09
82,0.18720046334033225,-0.5380979674629816,-0.5198356543196344,0.47221985374757286,0.1152701662777666,-0.9400731927473756,0.4159375452763913,-0.16394364291855396,0.1492972219222718,-0.41567641623011475,0.9447515188233521,-0.0484166333986746,-0.164154569596671,-0.5958658345799924,0.3730760782835097,-1.2481114521475285,0.695450000891775,-0.043147746212029756,-0.4999191037974213,-0.22610683679658247,-0.5877108513802382,-0.14492028893717326,0.12248201647593965,0.3388556029948999,-0.1997047081765425,-0.4969686913690867,-0.9522258834084089,-0.7169993783875955,0.7064371301887182,0.20955735109416082,-0.5658896699793848,0.833608076403857,-0.0584743023948404,-0.04225626889508883,-0.47841858827987876,0.5679706216061107,0.18905019123200656,0.44241799914633717,-0.2713070817002932,0.46517062217469596,0.15155131472945027,-0.2835433937760863,0.0181443795905865,-1.0015942027632307,-0.14690650899132082,0.5055216884638817,-0.7420194295371948,-0.06181080239747284,2020-05-10
34,0.3141028439691844,-0.42483161308152845,0.20661186606612142,-0.28797536831789283,-0.39030673090338197,0.5871922802419715,-0.14491735698617833,-0.5855080486861327,0.5828877951106514,-0.07429473199052655,0.32068477135548196,-0.014727138270243224,0.7225794066537155,-0.036538092764763844,-0.6644523340295759,0.23610806659106132,0.5322381048651326,0.38555050262951346,0.28007303586274507,0.02249797303106245,0.3268478397811481,0.1944623121760858,0.3786763094399009,-0.03747895081670038,-0.05761561198321233,0.22223610856026332,0.3322796232963315,-0.09644697057176414,0.4940568616806838,-0.05345964400977565,0.13821909011011435,0.43182588899039914,-0.30621645125792335,0.21093845548690468,-0.2637262215144716,0.06249241527486639,-0.1541214074823868,0.17786880309674416,0.8025296419710171,-0.5364608957850815,-1.2392690211807245,-0.6190055127999775,0.44662205448026787,-0.26851638325853355,0.1361129010776426,0.29120675162497445,-0.03768468591498613,-0.6621530492854881,2020-05-11
62,0.05839457000939378,0.7682449927035081,0.14070362757246957,-0.24768393364709893,0.492224894806078,-1.0821000577244275,0.739266923848589,0.13055957349183547,-0.10809302293080428,-0.05915404345735202,0.16109779132730456,0.22809038078393096,0.6047371573908404,-0.6371770961837299,-0.5816090090347295,-0.3814587616814562,-0.32736022973055506,0.24062688179734718,-0.04650128184120775,0.6621007536221554,0.9049776197596962,0.7430383823059573,-0.16023189551429998,0.11807278279525883,-0.5705475256317862,0.21690362481153422,0.20252473199496335,-0.513780264239212,0.028044384278976313,-0.5358238632988287,0.028898833007180404,-0.010579537020371113,0.33378405712467313,-0.6685799239109833,-0.5949271579827923,-0.35096860200307906,0.09660994691689793,0.09669635349161312,0.6572473484591644,-0.22115686009437854,0.18202925691016522,0.6352473195695967,-0.2785870624926007,0.5172770330243752,0.648047006608892,-0.9389197167123094,0.1514998616080263,0.5355806133128879,2020-05-12
77,1.0331694297231162,0.20497447699515073,0.16377400138642165,0.33228582152310354,0.6896793090953667,-0.3364557472507959,0.20187520042541873,-0.09891878656151899,-0.1396781124333297,0.37293241903011726,0.3012543260368949,-0.639034244628487,-0.48178377208409495,-0.2364746606585707,-0.23174524773053792,-0.5947866272472802,0.8454190791489167,-0.15122288428554206,0.07151773698621829,0.4689615454988035,-0.39900904314588015,-0.23345022511149616,-0.48926671176067715,-0.2036051185883064,0.41934820385277327,0.15122404596456526,0.6331938507472945,-0.22061452232310894,0.514823045232711,-0.36603511826504725,0.9741251024420596,0.2015362692127303,-0.48792244822580494,-0.052686162524257195,0.056338428673906135,0.4963312283215665,0.31031439545738104,0.9995211351606428,-0.09826732618587153,-0.10970397734243767,-1.2209871034094784,0.07128996752687153,-0.07447617826297845,-0.01451838339895878,-0.30511441765699215,-0.13835457865922035,-0.5262178924900328,-0.12498891050639699,2020-05-13
20,0.12344701302728726,0.5611342577779248,0.46098005592740676,-0.04847870138196428,0.43901085455612937,-0.5125094507016671,-0.31099184844317523,-0.25439224264912075,-0.12506778147988665,0.12424683353751498,0.2727895090704332,-0.3899292388063984,-0.43384207980837164,0.5247888249728029,-1.1068972114560418,0.8529961083829719,-0.23252557823377065,1.3299076737350208,0.20095878199800196,0.047778793084560976,0.45301158207917286,-0.45867244330788765,-0.14360050101903224,-0.6481951712670726,-0.29631079560914214,-0.4410423724560473,-0.5684852038948142,-0.492375370591888,0.3841446700259337,0.10052781880461441,-0.1623469063021659,0.6689556593396472,-0.2106423423090524,-0.21575211843310477,0.0022871477208035126,-0.2736222049270478,0.9363669234751674,-0.4153644459834109,0.040909889288700416,-0.45306864761395044,0.7029421575109307,-0.3960662582044932,-0.6065962373503996,0.27573729679920145,1.393012382458519,0.007635613948734651,-0.654181414943762,-0.8350009640932168,2020-05-14
51,1.0333903962640718,0.4102659694294144,0.39371262303074256,-0.06698120195103599,-0.2594864434531035,-1.173502149984761,-0.0373799550553923,-0.021298895510871142,-0.06703522393266431,0.7208645562039203,0.4994188452148386,0.3849382316630776,-0.026414876795944613,-0.5598288447567301,0.4768435173801524,-0.1075417986821389,-0.4107579031641968,0.28007230480133155,-0.30480021363605525,0.3704268895940228,0.03739877726528219,0.8239671834400747,0.65902294808553,-0.5142134053803499,0.20091727099181292,-0.7472194292038499,-0.3485669331012872,0.6082301188079249,0.4656992997745644,-0.15415836034196603,0.07666073993054011,0.4147760691660182,0.23042894935959427,-0.03656062665425801,-0.3632840345224885,0.22143364849864355,-0.4356962311544805,-0.055076733296557163,0.4200563667412787,0.9446457216439702,-0.7774124470662689,0.6111011941421793,-0.2605112635488549,-0.8690195827518424,-0.7358255348258432,-0.19892381262013709,0.3951183947515385,-0.30944405227738736,2020-05-15
64,0.4524705240887719,0.14205097349860146,0.086528543377282,0.15497570939464467,-0.266317021256827,-0.1831220911926641,-0.13801755583521216,1.1609454494963038,-0.21756891203113354,-0.37816032284380996,-0.33113781046499474,-0.1852703264616016,0.04600506697456219,0.41890522985049855,0.8366462513018084,0.008232894115329846,-0.7311361349727667,0.34470726919163314,0.555542314596115,-0.48626314749882477,-0.6146802999906182,-0.6038005443096552,0.238954702576049,-0.7058036407839161,0.7888258853520324,0.023318327715682263,0.7602471067220756,0.7503160313722957,-0.5007087545929805,-0.4455485265688076,-0.34081675885210777,-1.20030480835487,0.9814566959427232,0.08292646350199359,0.24869689382879268,-0.15176893610327036,0.44609919108563906,0.24858780092155175,0.025794828857848076,0.09542926030762582,-0.12854362198362657,0.008653150624230777,-0.14906496820546233,0.06760304146234314,-0.16762680645020675,0.7827680928580142,0.15222463658882998,0.29197644145810847,2020-05-16
55,-0.21268692540204232,0.4751789870614571,-0.21735001085032793,0.08247885410146001,-0.41826848422201834,1.2501926063003892,0.42277493927702936,0.09785964518475374,-0.7522748749520218,0.4160448974876695,-0.21595744375491108,-0.5971195048708429,0.48372916285885115,0.0036609937339189776,-0.6059716475660165,0.27851687450744533,0.2805069128089787,0.1363004286691654,-0.32119394172059856,0.3609295239586586,-0.6755372444831143,0.4782731928735129,0.22298118977371453,0.3342489010169556,-1.154826538185749,-1.0339127195232798,-0.8688262760081216,0.7601508417584343,0.39089892830888817,-0.38405511859587194,0.18628752362026468,0.9623429146943198,0.5982769970703496,-1.0509354709113885,0.7389745009240757,0.0786117395057614,-0.20648871549386655,-0.07940297336671895,-0.4872545098616517,0.6910483152581413,0.09608668344020652,0.48648279570251535,1.1773352261918768,-0.6485097501165009,-0.08268434554664486,0.7036522167783327,-0.257947151573561,-0.2412223762213139,2020-05-17
54,0.16972134924635263,0.39829472019819734,-0.009131361351789958,-0.11677983236044527,0.20135860836402691,-0.6963909272480115,0.16239467225996562,0.44319111338451145,-0.06124205129206482,0.3785789090298126,-0.11121070869495892,0.08143230239183141,0.639020502149882,-0.45993447718888464,0.6340985729878775,0.11138272300404854,-0.3302901249273846,0.6108254417815169,-0.5072915980064981,-0.15230121156533594,0.30731944687422347,-0.2406206683341489,-0.8227496163093999,0.08995526849316421,0.3318403055214742,0.3775443345298355,-0.4106620058168693,0.003578902418370445,0.6289113772798312,-0.6961944403461608,-0.25151184673653104,0.45666394766947693,0.18478353284382107,-0.511364973251093,0.17229412279069867,0.5018809130060469,0.498623766212008,-0.5322752251944103,-0.11783301669174831,-0.4436403506967151,-0.4943624621325114,0.41300138378128587,-1.1834676421659098,-0.4241035981778656,-0.38208170701851857,-0.44294188722881817,-0.9070386676304047,0.12965360185983496,2020-05-18
73,0.49693912638156884,0.18704210584981018,0.4524928954685987,-0.3377741642296048,-0.22849710691571828,-0.4624347673996006,-1.1158012929692203,-0.20302104659385276,0.056294153162799856,0.41460309637770615,0.18498832381357697,-0.4830389247598023,-0.0762121776832546,0.2481588543824195,0.5951857542598239,-0.08897399357434509,0.4737900745676647,-0.12501937091975662,-0.12188129558066814,-0.5820964103812322,-0.17017828018769168,-0.7286739013457116,0.5399149455732437,-0.8934240369143758,-0.06404308447323277,0.1005263128306295,0.26121916661214084,-1.57924008865072,-0.4716330030722804,-0.17420772077008326,0.5555355120581486,0.3993236891728384,-0.06347851564943616,0.5966266657917183,-0.0867105282077012,-0.17830595708899605,1.0846100351578296,0.6504790353320253,-0.40575501440827444,-0.7816746351077816,-0.47937594417559914,0.7322822146537101,-0.6528716214715731,0.5247175945783957,0.5885105609270905,-0.059372787339583344,-0.8426004167822668,-0.33004388881710256,2020-05-19
92,-0.047617226521354084,-0.28254093442216077,0.02836684248717663,-0.1676436078694177,0.11456281087056046,-0.5904778737864462,0.2323016235715927,-0.29941078421545136,0.8542380511225022,-1.1126506993355434,0.4203638612013302,0.09979328804253021,0.16626636839729522,1.0638704897180686,-0.5210985826871641,0.8673506693569537,1.0428165766581146,-0.3122740371703065,-0.23676820115043493,0.4796778595345105,0.03461450682475568,-0.0713680302953709,0.23718321725295968,0.18906096673417627,-0.011407387923650942,-0.43419426175296105,0.03469230365995299,0.27423636886461455,-0.5886377797660498,-0.35274889955803657,0.3250337055424509,1.0088783488693511,0.2830969181230529,-0.25770650246835086,0.17170932566294972,0.18628482983597325,-0.6295142442767518,-0.6817267733735907,0.8431248414622999,-0.36856074733587896,0.07145702218720337,-0.05484436078190707,0.034112912372618605,-0.5400879052148903,-0.36847355639695745,0.41799411447143486,-0.02321924603572949,-0.26308565749152213,2020-05-20
8,0.578672855020747,-0.6492182781535705,-0.7628305200405718,0.4353842506856823,0.353340819588722,0.06943940741927068,0.09259551223918888,-0.14762111619141408,-0.06839087514845928,1.0491890755721538,-0.18797734267231656,0.2929822825481609,0.08589392842942661,-0.06931573463604178,0.4151129760827531,0.19931800401132696,-0.12341142422037285,-0.16398079009052,0.1753046076085596,-0.18262407637718553,0.2205165449394967,-0.2278575574221376,0.2973203908213094,-0.6203464722839387,-0.7519840502313003,0.28180392006825516,0.28738162076460166,0.6857827878776871,0.5208728814953544,-0.6608978886983188,-0.5267431350626393,0.056849904826202766,0.10752561659572693,-0.5371080208660267,1.4248880654740408,-0.24465854979871088,0.1431057080779046,-1.0534439215161446,0.22252820085229297,-1.044951542492472,0.5568226694858913,-0.3466346495309861,0.09284200184496538,0.08473260751976758,0.875239252415077,0.4052269539903457,0.007159319413988712,-0.44504422393270254,2020-05-21
95,-0.34001836601695745,0.23264702750381722,-0.49796815617792556,1.0722509290601483,0.6147947491953278,0.6161555165765322,0.23507933534606054,0.22451906024105395,-0.36417653214221835,-0.6743251873768016,0.36256896450924275,0.3385011548278825,-0.5760324757118209,-0.15914129847196568,0.28273668764155724,0.8259779366964569,-0.23405260524796948,-0.8894859157456935,-0.1861320042025995,0.12992115639474966,0.384484658260842,-0.004798385826095045,-0.4908756322816852,0.43969286140480934,-0.3692904510224132,-1.7455278818840094,-0.14479315117921257,0.045040977118612525,0.5535476882284647,0.2783922788210771,0.3076808842780205,0.43833517924679294,0.0021496651244253665,0.9948446465947506,-0.7991767676513197,-0.5561654360381061,0.26464024533927627,0.6321434987756417,0.6646475939408264,-0.2620449349532368,-0.15523310135300128,0.11630489057038285,0.4264794301607502,-0.3874570909981489,0.6994021912627608,0.6605991829218449,-0.8283857929782827,-0.08400148954167164,2020-05-22
1,0.04012489257661757,0.37863158787302126,0.3967779599666969,-0.20240118893440198,-0.5908534240455535,-0.18465416029190207,0.250196549168912,-0.28786777685658993,0.7553601164541969,0.5771892855230917,-0.5400569294102239,-0.9017114692247686,0.4264625948965081,0.007590232006193843,0.471021321604228,1.0146166199597373,-0.792316207650473,0.056208547828809116,-0.012530840702533049,-0.27882372435377134,0.2714361076860626,-0.0289695037475853,0.3083263167591376,0.17823905638693488,-0.00014408459394147792,-0.2594441245930104,0.093968334661463,-0.3295238376499459,0.10864569225578177,0.06821264479313761,0.0776085517603417,0.2936340598655879,-0.07519343153603668,0.3849332022431551,-0.20627336703392393,0.1368229781378655,0.779344463503715,-0.5017225681212243,-0.3946149198015108,0.06352930734181092,-0.26601558348809023,0.09768759173850358,0.15660420272267,-0.3445495456327273,-0.6466339393956319,0.6756516015007996,0.3782353080946533,0.7670380576629846,2020-05-23
80,0.07414915708481558,-0.23336915579008355,0.5257930425680207,0.3594063185765367,0.05808830756078662,-0.2154008016259558,0.843531773127832,0.13306487467796485,-0.26059107350915345,-0.4717410270723044,0.4586437488847663,0.5896971429318019,-0.41069830644148353,0.190516985701986,0.26875479746630254,0.3011493134615787,-0.12716495930094662,-0.8000535402632636,0.05459779375315715,0.9398315125475788,-0.8099232836921507,-0.1887552423985691,-0.11605451040081838,-0.6200889546764892,0.38141151850233174,0.7414550408607162,-0.4153995384427193,-0.8566586333006845,-0.42188106915669704,0.6731114623832817,0.4004460741236605,0.5425169097002481,0.19041304176881527,0.17907527170426624,0.36751940552851664,0.04037832418740033,0.5557834706416533,-0.17917362019272334,-0.690954559153379,-0.25533258734683845,0.441881952949247,-0.25876549083583794,-0.31986388669733223,0.2829103719688429,-0.491572354166791,-0.1873800899127787,0.4284147612066451,-0.10359573753609455,2020-05-24
70,0.10692792373195865,0.5413522184196595,0.2543911244539921,0.46618379373405866,-1.2599294596721997,-0.5984796789077571,0.5224429350224001,-0.2319274051832283,-0.5547744222516618,1.3413054706000425,-0.050341820538430865,-0.268946052825438,1.166871778460915,0.37243222145284766,-0.5079694134818389,-0.12881124946601447,-0.21579124734047223,-0.8390099637861896,-0.8767272515201981,-0.7677735968007156,0.4502390881418575,0.4777642722251969,-0.2409880782036185,-1.1487720045933312,0.0836886492393796,1.7826345647865978,0.1158064076384743,0.2047361302979286,0.28835328187418885,-0.20229153331898045,0.287468142435706,0.6841375833165249,0.4066088974889802,-0.4751415789610945,-0.4670563626041146,-0.426418274232323,-0.8430049629978252,-0.08510463563237664,0.7081257108561048,-0.20546370839499115,0.022238306757850778,0.5134412532882715,-0.41471055113721356,0.4908097112976223,0.4471126594627607,-0.2551818741195511,0.2724657230451098,0.26675196694364767,2020-05-25
32,0.37723373097537316,-0.6709663289367795,0.24951052650246539,-0.6315343615973464,-0.1043274903754133,0.8938533663876769,0.5284735959670251,-0.42458592295351233,0.5459349068735478,-0.388417216245204,0.21159707332863337,0.4982884228865546,-0.5633039743417037,0.7673965962483152,0.0454160841976395,-0.1920903255917314,-0.1866961808890888,0.022087865483829013,0.5069184170276907,-0.0003220809428405628,-0.07498025463649481,0.5526621764898326,0.6348524347619122,0.5226058895230038,0.42727634015286464,-0.3953207935275982,0.5561810982858462,-0.03927409651614807,-0.4992698562901889,-0.06165060479361251,-0.3166848801813518,0.6477035909563157,-0.128623906791673,-0.43394720614983584,0.44137186658603983,0.7594430476091459,0.1833862981990452,0.4906977191855828,-0.4510314854933848,0.27094533007280136,-0.6118437986752797,-0.05775298287102685,0.75423916928764,0.3106687852700881,-0.048959690034195584,-0.267199020753551,0.17918052805963577,-0.5317653627395338,2020-05-26
30,-0.7760579397074938,0.21020250704755156,-0.4982861612905693,-0.650478366461179,-0.2350822064813813,0.11924300650068495,-0.41118949287253137,-0.3154823578925295,0.062072820852282926,0.016121359872933134,-0.22123490311597044,-0.01248587440279114,-0.3184401984660784,-0.055466832521081734,-0.41421639490289786,-0.47991237594794794,0.7797422429500426,0.38745363002258393,-0.7403069312536082,-0.1848183215661663,0.5701010831367879,-0.1984904594093827,-0.008737748389168238,0.3420935542845572,1.1452496094778877,1.5647006226177742,-0.23916232688023836,-0.3110816097988792,0.8244613154016901,-0.5970543196166834,-0.004636962928935388,0.19987098295221972,-0.00173815079445109,0.9632370905475984,0.4437353363746893,0.6494851042014891,-0.1452342941650625,-0.4113508376543545,0.05809209107998518,-0.0903658668225437,0.22586455463750513,-0.24654269097220274,-0.1788154584021385,-0.10093447029881293,-0.9765104767195805,-0.43062965292206457,1.0405470777414552,0.049072981313622414,2020-05-27
98,0.4672030536822761,1.0059793649182864,-0.07154840243326875,-0.8477513370874654,-0.1274038449392827,-0.47819115066110207,0.19502568649973007,-0.35026966635633555,-0.11650398119454665,0.3868387202048291,-0.00713768176104215,0.27717029466115645,-0.1756419685642867,0.6594355350692209,-0.23630465881480556,-0.13024619078252406,0.7048296166293514,0.32281211004648974,1.1482473187912312,0.25633410929912115,-0.007811612348554221,0.7633963023211453,-0.5988979910731536,-0.5665671765932332,-0.1402338185937768,0.08337994231611888,-0.7866502032002778,-0.2356936881605492,-0.04122335467910968,0.17801238886320817,0.6523873961628696,0.39109512799174745,-0.813726664016125,-0.0821670667381046,0.3292656005890504,0.36989652026213343,-0.47946611612680773,0.15388426976860595,0.10502482798916785,-0.004157541625668665,0.3515374803782954,0.4462021564557676,0.4825963288400073,-0.34105452682725995,-0.90504461731617,0.6667428837304089,-0.08160667907956433,-0.29307381728751314,2020-05-28
69,-0.12754114179324205,-0.15972775479979306,0.13670791830692258,-0.08270525135149166,-0.33906138838910727,0.30908938347571246,1.4297975730035337,0.06907839623758194,-0.3522743155542715,0.1274422212325262,0.3489607015594178,0.4059626337660697,-0.7491681596493428,-0.15253282819564226,-0.06110406686273728,-0.5664189067854921,-0.5972143545575723,0.39002955813291795,-0.5201138385811651,0.2949530222709748,0.21502619338538903,-0.34659255007354733,0.3159159243359255,0.341239441546752,-0.27106715028928935,-0.8388828825112893,-0.34761074353095955,-0.5186608119566486,0.14346554180159035,-0.777663751895379,0.29802029074419745,-0.0754364056642174,-0.4155330195375699,0.6388278165849475,-0.4210028834143059,0.5242877320929826,0.6274405224567827,0.02405942539793383,-0.0685334283459066,0.6552561227173506,-0.0194451209604859,-0.005416999917870264,0.043126243809184645,-0.3861285842125868,-0.26315253142981987,0.65932556736086,-0.16607352492714586,-0.5628819442805998,2020-05-29
75,-0.30187523833882807,-0.7394801727690805,-0.19736300887348296,-0.3755256309509711,-0.08287729300415907,-0.058427551818612554,0.22796420419639055,0.26384829748987926,-0.35473457012617826,-0.5613672186758343,-0.4312421034564671,0.17756123012933067,-0.07657387943705547,0.27844932317140175,0.28010230025091215,0.0568587512856415,0.3865551127101374,-1.6404635958844795,0.1121227831428505,1.3240421116525287,-0.31934398030451105,-0.10811596872149729,-0.49323745399131075,0.21341364890757022,-0.05557169412836627,-0.08583990112439928,-1.0051206877619687,0.23319636790753218,0.07046496417368424,-0.19723431037139108,-0.05779434967309992,1.0143095797971717,0.8850645680751328,0.3503269180220634,1.164294034215243,0.04335493515594296,0.2096160583015827,0.33147258784912004,-0.1672757000161481,-0.18748602999292188,0.18573314774798333,0.15917565484148627,0.10322345550471768,0.19649769958951224,0.10645006324015498,-0.24675348852612433,-0.09316323025063618,0.338708483254083,2020-05-30
29,0.6238553311523186,-0.038431699619948814,0.4451533889810452,0.718621191788631,0.047957629793697804,-0.13122084012682475,-0.5330076169425009,-0.12065513236176255,-0.4612071912713746,-0.8058818950377921,0.3125075251711558,-0.0714455573747448,0.11681651464522382,-0.6876738919075046,-0.22078624816824752,0.10888200022132084,0.6677536344382078,-0.5377314649419305,-0.27542131038902434,-0.2843153898647159,-0.14376928128627806,0.7620031277327363,-0.2769112791195778,-0.8899056476041164,-0.1843263862579324,-0.6723183785977993,0.6475517770658399,0.1818379612084792,0.5080378897173411,0.07869106651932008,0.06238216316052379,-0.19120241820664174,-0.23240687373918018,0.5675670742062753,0.10965466184178471,-0.6121425497059083,-0.5040344012207978,0.02257045332594015,0.3210120965380812,0.15896694382784432,-0.13147585686402508,-0.26891250740705974,-0.33584280743418893,-0.8271488564381335,0.09314103532154124,0.09951114087154601,0.03388577688446788,-0.4998626972305056,2020-05-31
87,0.16711879958563988,0.6176678609910468,-0.37083791425285656,0.59956381099246,-0.09298311500616631,-0.5150828164945719,0.5525712928904619,-0.006720458184778345,-0.3346490339015317,0.35709214764825736,-1.0751306890141212,0.3160845817016667,0.3415001409750114,0.2940878553464923,0.4479614832005051,0.185424298986106,0.8889348290352722,0.12575121487566834,0.05725858405252198,0.26440991123110213,0.23159745663070483,-0.567284899246736,-0.25891733313795573,0.4043978782749334,0.4099848097255146,0.6008029846076146,-0.6819542287770228,0.38987993852771635,0.12588516046847611,-0.0007272550584612905,0.050445382406202166,0.3892322323123215,-0.02807703434872653,0.06195919194232061,0.04939115794658172,0.1642300955563476,-0.006524276372116296,-0.23108335250609255,0.046971612406566894,-0.24104650962733987,-0.5273706977802046,-0.5721846819299482,-0.11217140086289785,-0.42641368831648246,0.6732633589730063,0.3626521243151909,-0.17966094301925814,0.34858982796864324,2020-06-01
52,0.531095350995783,0.023268546383940075,0.3384703400814145,-0.1825680391246376,-0.19680676463808885,-0.2430891587746472,0.1027744681956327,-0.011961150131552236,-0.00991764366741696,-0.7884261479086285,0.21756647653667405,-0.8353416179665806,-0.979064625672284,-0.4758930643527379,-0.8596690189026398,-0.40897446930337017,-0.43409839395182376,0.08310183413785338,0.32460192399727367,0.5676908592256216,0.6503971141385688,0.206517545046609,-0.840424002078138,0.5809608196638057,-1.0559435460167421,-0.6002077419510714,0.2982839395481823,-0.9974979756643805,0.2508955616512717,-0.29490504437677484,0.2883722523616795,-0.252596163844583,0.9262306209297781,-0.22162181832803673,-0.02309242460080742,-0.39628232337523317,-0.3214065560356581,0.13266929552116816,0.07496255004765914,0.14296349678200113,0.4056714126729424,0.17436530417075488,0.42464760985868877,0.05760520888870444,0.12375552576872034,0.3078279895468678,-1.1126790744776434,-0.8935678121793095,2020-06-02
26,0.5044309134452171,1.0458742523066944,0.5821463334885839,-0.05253399763842196,1.0595783002228676,-0.9270865428673885,0.35929621928885924,0.3664448711582405,0.1865955243855369,0.35213075032334973,-0.6268612559799258,-0.5489842195053084,-0.1834290444636708,0.9228261549512803,0.3049466457067056,-0.07345772973798416,0.44878439794808817,-0.2627984877199122,-0.11386678186030522,1.1503349592992806,0.5673227916043214,-0.13414720028472926,0.4245706187859012,0.4960352747469335,0.6221704658569026,0.13017342781024507,-0.16084135737558,-0.17726176431406263,-0.09195837134601627,-0.06248709399428992,-0.09186512598135778,-0.17537935614545055,-0.03980593350451079,0.1468309469417897,0.3305854820533176,-0.6525975011493359,0.052194445853450386,-0.48912916298413894,0.5803845063553499,0.30993245177105866,-0.9717992191139965,-0.9251170853483983,-0.413243239713773,-1.35882278009352,0.18071215648338682,0.8583795772402888,0.42705976405705803,0.621349674688565,2020-06-03
58,0.9530142167590654,0.5519796746342784,0.11321024974147419,-0.3893826298473676,-0.46079419650189124,0.6515755680438662,-0.2284895956626123,0.5674904771155314,-0.34752734527038365,-0.02303972030891217,0.8802325340248875,-0.005011225535968515,-0.32154286153476647,-0.1606313370487676,-0.6918238549233805,0.9452606666200314,0.5385636290215493,0.07393363103049953,-0.17917458489464771,-0.20534879792880276,0.5982544126832058,-0.6716131092784562,0.3698673449428695,0.26473999361933204,0.20966202150286692,0.4148952949608983,-0.16173341520251988,-0.1861742724530135,0.6470361003223679,0.2050950833482865,0.41930640887700626,-0.15651575338968005,-0.07924215905494525,0.28133780079543524,-0.04987397864380375,-0.020652380843325734,0.4358599905105979,0.24418434076952245,0.11481219600037593,0.44804650716064803,0.29141676861431753,0.0943909413102412,-0.4164860526572091,0.29357706789074234,0.1539543683578655,0.41058689537423876,-0.8704383824377977,0.6155996912765416,2020-06-04
99,0.32280634400090225,0.010413474917439517,0.14065246460270064,0.9110051129679697,-0.17890449863789373,0.8315838020400615,0.013284768474214193,0.14724228256894695,-0.06138307582507058,0.27010743108730884,-0.38219570614937215,-0.3487895633694065,0.7085017046677079,0.19047990168896473,0.11899581064207955,-0.02709593920612107,0.08740888056440439,-0.09454926274191729,-0.528367008029989,-0.30889409227456727,0.2648289651559533,-0.35574596010799736,0.2456111322347315,0.5904736588256817,0.09729181298034267,0.42060884177802643,-0.7025717075554978,-0.11096340303559432,0.3732737776336696,-0.9378568332941691,-0.24779868340909808,0.6150709316703424,-0.08535559067924268,-0.48250663118713744,0.6905880525140734,-0.27481756854629086,-1.10747775548363,0.17322580332649834,-0.37344871482035874,0.2584669091401637,0.2119591231239551,-0.952652588993717,-0.14181303654373156,-0.4342816942731649,0.26787191016319895,1.3998487744673616,0.35587341325127614,-0.675170369677674,2020-06-05
100,0.05244370783355351,-0.4261790246037681,-1.1791622575836997,-0.1441457743492199,-0.40509930548284384,0.707406858610031,-0.7217622876321936,-0.5070177431735231,-0.2588159437879116,-0.34152107696585793,-0.8674478335072301,0.445231209002914,-0.613147442118633,-0.966395026329945,0.5674515107526021,0.43932305295533625,0.10445887922243774,-0.510755624221594,-0.05811071976836435,-0.3224804142227763,0.019101144276202773,0.2712558779710951,0.14842895240555565,-0.025088119543826733,-0.40056536085878186,0.18132152909151053,0.31042241703997875,0.4286475717189586,0.15345747779628502,0.30449629058809335,-0.49705253830699775,0.439167523292622,-1.577140084644778,-0.18775285543407005,-0.4254532109232613,-0.35800823945798876,-0.29154788342462074,0.854970290399594,-0.6931712635380463,-0.9043400678537138,-0.3280346360196625,0.13294094438948162,0.03284253009765709,-0.5948228539050359,0.6133277614886259,-0.7878884886504436,-0.3339558632505428,-0.4203015785650587,2020-06-06
23,0.5442591454920322,-0.5768322222950479,-0.7777337885987458,-0.06572800479824589,-0.38467724805610043,-0.07069173154010297,0.8068035241815789,-0.6596869373961486,-1.2843345372720152,0.3124477962498386,0.1361469004273753,-0.2125793321768811,0.8132580616716992,0.6487971006194447,-0.5032385176444294,-0.1606655744735976,0.17653988394161046,0.49604990109822744,-0.10669714977386593,0.41719298660202897,-0.24673617501471493,1.2126046642686743,-0.7239907505059198,0.04184854763324203,-1.274105555909302,0.024187697573304457,-0.0828471593660891,-0.293212849691567,-0.3788206951478738,0.8892383804815694,-1.093272790725207,0.3266579897542881,-0.3205320115634042,0.14635952961253562,-0.0946285883096872,-0.6562007611883682,0.37891502947531325,0.740403850208934,-0.16267906925415587,-0.042202629038244927,0.7062131895170891,-0.612080137663808,-0.7711952518546834,-0.40135939302879914,0.1421322647853987,-1.3175534842086722,-0.438111468814145,0.04037759723424853,2020-06-07
40,-0.10908798038258971,-0.8537554228445215,0.6872289918158305,-0.505516727153072,-0.9004320966659823,0.1673395696773284,0.16713039146147726,-0.008342749487871072,1.1922276826332332,-0.5444882371666563,-0.8949132213294074,0.7141383959773125,-0.3623879160550038,-0.9089367456500167,0.3369960272433007,0.4413125364237639,0.07495812878205528,-0.2969466429907804,0.27529717006689625,-0.42983423424318823,0.11132825219810835,-0.19201762455284002,0.857262536711871,-1.3450940729635879,-0.1756466408563434,-0.5018145965363023,-1.3258508874229324,-0.7873076568666605,0.2030293935728305,0.03827360971668668,-0.40487239671600533,0.1662747652992983,-0.7745892892652294,0.39377705766234866,0.6473539838272355,0.27349517082141495,0.05789994808999656,0.42276782229578236,0.7147837453972299,0.23243804967561557,-0.526803413102481,-0.08350001220650713,0.7149426026862261,0.6896814046630831,0.12113727234132697,0.6413543849181195,-0.14825149753088301,-0.7996953678604296,2020-06-08
44,-0.5254536569671261,1.0753300356838613,-0.6725468837514753,-0.3349820487483711,0.15079391001385184,-0.5812332303982755,0.3031321724253093,-0.6908042118287215,-0.02394348144610498,-0.7849581814402956,-0.2540664428077189,-0.016308510610002217,-0.16540287336089143,0.20501575869915248,0.11802132595114288,0.3232667341585087,-0.603927286055996,0.29802224118820536,0.5686603547638535,0.18844866955919498,-0.1939288200199846,-0.06932320568180643,0.7739831898047657,0.10692788369991114,0.7714895077641529,0.5416121409046132,0.23890057662937278,-0.3665379304740499,0.7596946864159575,-0.8588940498078581,-0.2883720088202565,-0.5699008426518531,-0.24037280474859288,-0.3552303113714377,-0.5327277870339893,-0.14055970493796108,-0.027354929492930672,0.072248404216793,-0.36037415398081635,0.18543384959297404,-0.37753237444132004,-0.31031282869028565,0.0777229717590353,-0.6995284244834035,-0.11425637938671124,0.2059894491697517,0.10692705645362974,0.18605417010575703,2020-06-09
5,-0.237398061677242,-0.3300266977656579,0.32894557205101116,-0.2631307729676851,-0.16049802937716567,-0.35225756928267216,-0.21978472646870229,0.7061906641204149,0.013757559297596382,-0.42967887457863885,-0.11484420626432847,-0.44595439054187824,-0.05297659670185428,-0.8991904350766259,-0.28248354321988506,-0.727848053170702,-0.1548283920463683,-0.0005700739281553149,-0.07543552771724239,0.3871971542561863,-0.4981814778986408,-0.03447034068509466,-0.29898026962561597,0.08946585017834886,0.5205599492038263,-0.29143730584100164,-0.2273811788148623,0.1814291396663933,0.26797379247694514,0.607203792134292,0.1604273527128109,0.2883953480801362,0.08166935062114042,-0.42061998825843494,-0.0042487632210538055,-0.3593793209431329,0.2147561372166034,-1.033843772090858,0.239047734990437,-0.840611149340617,-0.18809580227549935,-0.0017240513459635591,0.2917654624888406,-0.23846009088946193,-0.5317719101990227,-0.479851281287399,-0.2010897723436899,-0.41167549658967834,2020-06-10
22,0.6401820356464754,0.6241634934094008,1.0908560911711502,0.016765537901415044,0.16206621364380572,-0.0073312941857730015,0.2177734048159007,-0.3654593899871912,-0.8355561122882381,-1.0389885859407115,-1.3021718794499693,-0.3379138925399779,0.257670705642211,-0.6746161207728163,-0.0001417727191018108,-0.3463345461154373,0.480306388392825,0.19684738664042392,-0.4694288533367379,-1.147621487901637,-0.15616568946933107,-0.13558530915309647,-0.02078013395785888,-0.1921551849753409,0.46687231632548426,0.3910446319029807,1.0672465967598344,-0.184324221618718,0.6391568666514076,-0.31899647979333046,0.741378492617639,-0.19922589814656627,0.17580714448826973,-0.8398223085350821,-0.003910478468358958,0.13165068210279385,-0.5279195039041217,-0.6059359113962437,-0.8117809428737989,-0.3811456926334614,0.8149583647374373,-0.24114855670847724,1.219990508370963,-0.05789574617367377,0.7231520622754934,-0.03224470166616439,-0.18475184502879183,-0.3290757782876092,2020-06-11
89,-0.45749833822293046,-0.4316204497579969,-0.3854990502130537,0.3527407234577831,-0.5871597915373294,1.1305754355016946,0.5682631105473668,-0.2989674219539175,0.22361156896570403,0.6590818801763104,-0.24204871373464276,-0.5982450455590771,0.21294154749539718,-0.8689009065779638,0.36438680151694736,0.11778696834131588,0.590209276303639,-0.10484245309325119,-0.11619743003212032,-0.22677689022364372,-0.15072550805813606,0.6946421109705838,-0.9752519876524086,1.0187882758480364,0.7706686852513572,0.8589246065694188,-0.4546481929477793,0.043240806796991584,-0.36420220909105394,-0.41765728548306724,0.8685559084391195,-0.044724055208141836,0.2387926911168664,-0.13238729432525487,0.45630175459889605,-0.1301234958538697,-0.9639590048244189,-0.020287430163295594,0.26790859501203007,0.70101152233055,-0.24963398386493824,0.5626066796435332,-0.648057051458114,0.6620243926089185,0.9242171780362337,1.3715908300795285,0.18988059792244188,-0.18672263217108137,2020-06-12
68,-0.21384560326822327,-0.2824213653238495,-0.035559785022971906,-0.4885496598704223,-0.2775510480010552,-0.3395321516013657,-0.19393975219539145,-0.04071457922167368,0.8254685425104815,0.7481943153395205,0.38476849248496336,1.2076157622304273,-0.8072322779810533,-0.06923300861573564,0.509902825666626,0.4098460391505421,0.3660217949270684,-0.28965894551763216,-0.42337501948648965,0.818141834316741,-0.5145074407512296,1.0503332895435025,0.5750844892379173,-0.2983212742929884,-0.6242371216809679,0.16601591415625042,-0.4782811353560118,0.09151694212498095,0.4049382518324428,-0.5063083087490624,0.10330557059613865,0.04492646473638076,-0.2255277995369065,-0.25004408309741316,-0.02056435651289146,-0.2739742872291701,-0.47843109442120113,0.3713481356117211,-0.14593326363967116,0.7040239360633779,0.005145950420211025,-0.712362973904919,-0.06615309852193625,-0.9089172475957125,-0.9102252809384337,-0.7414452418567984,0.3403753496572118,0.025709593989637666,2020-06-13
31,0.4926331497746421,-0.27380356839284964,-0.1874558756250826,-0.47507167621578444,-0.06829742151347595,-0.6518844377608557,0.8314654348664003,-0.17399654175381507,0.27493206745072113,0.07364938405744752,-0.3231444143221576,0.25103131568920706,-0.21742922511064067,-0.1899825609918748,0.04453257144270665,0.29849463005822097,0.504716649597456,-0.47911220963771683,0.28655324832354,-0.5999660660405274,-0.12071704885312702,-0.09673784926409941,-0.28514985467015386,0.20718906339406967,-0.4626049438659449,-0.19607894925425667,-0.23599692305041298,-0.13536971016803437,-0.8509777731138026,-0.14707271579191072,-0.3372393624416451,0.36343803170279243,-0.23536404316055434,0.09527905335064094,0.4667915203394327,-0.01831677053201261,-0.058802924869825454,-0.5882306743198098,0.3720547150019206,0.13818274076386652,-0.4228094335838377,0.13757141259768327,0.7337857152915394,-1.0348526221489045,-0.388527742426931,-0.6192816108383066,-1.6273231653927656,-0.38547089399422463,2020-06-14
9,0.1978799021960423,0.4835904813280632,-0.15218932265630264,0.4882161649463326,0.10936532197630522,-0.30406664241459674,0.07334675534027327,-0.8224501228526553,0.7268141902478389,0.1218209353730994,0.5094699546961035,-0.22608816482952127,-0.7429841874635527,0.229489686902097,-0.4620915861025707,-0.21279035249497572,0.010790786385073324,-0.8207104746490081,-0.1581129493760738,0.014895293480058911,0.01294130044815559,-0.22379622625665382,0.2072894782935614,-0.47508128558908985,0.4176087606356806,-0.07369656501089562,0.0402860257330318,-0.11323850453213129,-0.7857464906646903,-0.049571228707269446,0.023242722312063833,0.5993092045672889,0.6541584656463744,0.22706424744004905,0.1450267421433851,-0.4895803496602183,0.2946951096128195,0.27254066687506806,-1.017719757671793,0.09797631946758852,-1.21815319525957,-0.1638626290834809,0.6864691002198002,-0.9059116207533304,0.5285444921736233,0.24163406491673095,-1.0069598535720057,-0.4444654063644083,2020-06-15
47,0.16869963859545584,0.6077431005059979,-0.33171153105091616,0.23154599738430212,0.07875703831347011,0.35775560650963445,-0.188306098047848,-0.23762338158868035,0.5659577566046176,-0.3390696127764653,-0.0526695116204984,0.05976337554989997,-0.6802950438239206,-0.5463550559824519,0.1941038745268844,-0.8184857112029694,-0.03702889980374637,-0.2895352879512561,-0.6069650174964298,-0.32543538922808374,-0.6629700266078293,0.15034986173903392,-0.42397617154589035,-0.37320755159640984,-1.2913358246893896,0.42031018265235953,-0.27527884122462143,-0.6413651736951893,-0.41159669865133386,-0.7417209268101699,-0.24332256132992827,-0.42108228874858306,-0.30173004549265015,0.16775298470245278,0.1004157035045015,-0.7497518940891321,0.23965234811092945,-0.47630595565830447,0.3569647446276582,-0.13366919094600263,0.07487327024519591,0.03311207354887077,-0.5465511312674988,-0.4301834280580464,-1.1314753447095618,0.7692029047598246,0.2156590887369544,1.119775296378921,2020-06-16
13,0.6847034590644266,-0.14437984185464897,-0.27378060114324054,-0.06738951236015457,-0.8650519499748979,0.6535335415756286,0.517744318351026,0.2660875950497113,0.05455844520222772,-0.019654992955477436,1.0650272864128771,0.5599349167684085,0.2880644069878733,0.0663444252811169,0.1933043515815381,-0.4511701864786983,-0.7747740683672172,0.10751188923351591,0.03827966925824682,-0.04423284031370312,-0.9889677497138973,0.026038155762737013,-0.5791471781814058,1.0179369661228748,-0.6221367583379969,-0.04837656550969303,0.3676552348831157,0.3030164667698937,0.13006550744315665,-0.05624311228265632,0.4129306218800725,0.659100393290012,-0.3075169382404497,0.24549193550506956,0.39487171342333977,0.09120916047225364,-0.43313419912983714,-0.2274168791593349,-0.3151944728383734,0.30067990454535054,-0.16954427059151891,0.4119179464777463,-0.1982020710698243,0.07458432954716591,1.4165667346285014,0.29248217862912684,0.5934474572616213,-0.8858828044465621,2020-06-17
60,-0.9358688765655677,-0.05891688962506599,-0.7654496045307232,0.4137092770562187,0.05166052498487426,-0.3874053219297542,0.04323693023981699,0.37047770300819305,-0.9214460631559488,-0.3711843671488558,-0.17827693901405758,0.8019721345816059,0.7261753018113487,-0.6053924271013471,0.04719055196675713,0.4604938242897763,0.40774775777256417,-0.34376675545176366,0.7669962724171057,-1.1481159832437942,-0.1980444775022834,-0.2384781991246248,0.4940797370316987,-0.2812805691300398,0.7670208078172698,-0.1740319235004242,0.08086081416223687,-1.1863310547353698,0.06848153741183231,-0.48610141912358884,-0.10907301713663622,-0.7751347709601787,-0.8943496804105594,0.07044275056207867,0.09444996854874968,-0.00664850463695865,0.3030560201276932,0.6246362170778393,0.717957122119558,0.7659682523763766,-0.03604549585448901,0.48715201694961485,1.2145875100333745,0.26368176020509304,-0.25161904063124135,0.5160071134512753,-0.34490233109495017,0.02020061360550755,2020-06-18
46,-0.35746159233638924,0.4597783743350162,0.3975958947104759,0.5938250530919349,-1.1135513953088938,-0.4826693278764149,-0.15136121144037595,-0.0983404080346547,-0.18524201152826875,-0.35692805925908394,0.07531661069963756,-0.48923568396825856,-0.41239209611312305,-0.3067166954137794,-0.5469722953538991,-0.1864828241406033,1.1957068740952905,0.4125738915078063,0.6665462704607414,-0.03996687390164176,0.25394037535591274,0.0687549121053869,-0.6588211997675536,-0.23604060195407395,0.40559262493825765,0.2083752401769682,0.2090612838617091,0.08969259976387038,0.07380369544875517,-0.22865745613892902,-0.0378160022850851,-0.47038535364453765,0.15029199154188275,0.3550742806581502,0.07831547848444241,-0.07500584798822295,0.021286892469547923,0.18165073382565392,0.7763803933965421,-0.36983653387622145,-0.11474780631057732,1.4999195334417406,-0.09733372283858972,-0.4621826536948097,0.4707211984658076,-0.6522477482836813,-0.7108968940815821,-0.13603641160920313,2020-06-19
94,-0.23643467352490108,-0.2096285451799918,0.641945721166192,-0.513398908820206,0.743261226239352,0.28970324151504845,-0.33943067799313975,-1.2211396335783615,-0.2711286816232744,0.38213151249004773,0.3599671809437655,0.0026310975605841843,-0.483369725042761,0.3408834583832124,-0.4451231194922959,0.4397895949246114,0.09389758849245254,-0.15690387705844908,0.4466481033940057,0.5567089892724393,-0.4079619863159358,-0.03968268868992715,0.7152516615609482,0.22835920157946363,0.06435413352588029,-0.18549464975200972,0.19431253332602058,1.1540700133382904,0.1921043502626317,-0.8573595349076205,-0.5153143313206867,0.27402773219010956,-0.04916892599418954,-0.216610670276442,-0.32103574090475945,0.35464128958338126,0.42172583109259204,-0.30642981535888686,0.25655217421949045,0.1943316406410627,0.3704635137158751,0.11221514676836176,0.4360241523815235,-0.20448196920840245,0.40204206040045537,0.2635492797488502,-0.035242068828717416,0.040069066888318246,2020-06-20
63,0.10263456806621364,-0.5004893703243686,0.14911916405192027,-0.3459287789014236,-0.16428657215508644,-0.33209101664261903,0.6547166855265263,0.21543868919376993,0.5185327539500573,0.4102302864618184,-0.34325491875171704,-0.8930048667601386,0.2201382670594378,0.1688511508496713,0.07563802336075214,-0.04072981928877514,-0.8428137572905359,-0.3051368931429818,0.10839028915589206,-0.057978284912260494,0.8388279285879747,0.13885014258370101,-0.4341113627482325,0.0009551262835836217,-0.5418457098720407,0.3113952741996432,0.4314022524565299,-0.012867141114792726,0.5286875194662501,0.2061370951764088,0.3421070411745647,-0.12256705353947252,-0.828965219323596,-0.978192086564683,-0.24734284372175977,-0.35604617067778976,-0.6599596792034873,-0.4179959333402668,-0.32535589344978805,-0.5288574333603233,0.27794181440429994,0.13828398262925637,0.6347549665962582,-0.016889698482925274,-0.4502484803890184,-0.19713431563028536,0.47393348384981276,-0.7379919774268661,2020-06-21
36,0.3014161664819009,-0.26112364336386285,-0.21253046726102862,-0.3305127879781288,0.17409271222942546,-0.2699086634341533,-0.43066262811793654,-0.14991888201678066,-0.11837527502457572,0.9010315044508309,0.5218629213905895,0.11601077018724526,0.9382875838074177,0.32892155682486396,-0.014800002685709843,-0.14699821049041173,-0.041454115363398464,0.43239975968192856,0.3166183880397538,0.04724843243816314,0.02535997349792319,-0.2689179686576605,-0.1267007241064814,0.20983987970039403,0.33225720221657434,0.09128832616802815,-0.5110959708279944,-0.19954515540903497,0.4404548995157626,0.7052512758492281,-1.1072640952869577,-0.6754856374095473,-0.3622523659955451,-0.12731288388472067,-0.8374523993109236,0.3155025866155991,0.4874470781984142,0.3162851189783031,0.4598187371054789,-0.24845160339643607,0.5461037038900151,0.3647102285488466,-0.592333048518096,0.393732346892247,0.2204829788664863,0.5559103385829398,0.2056577231317362,0.317084445039744,2020-06-22
61,0.39990882338047706,0.4273448553966197,-0.1695235029720859,-0.17058353024075543,-0.09419898896085899,0.2006504071493061,0.39691186370445597,0.09085782515277521,0.24499150240864626,0.3578303684004648,-0.035705343197991096,0.011888695303649034,0.1234115790496485,0.45743958731278395,-0.49533087686290733,-0.8381707738089552,0.17118982274757996,0.14649280827945838,-0.24596896721386977,-0.4236220726006074,-1.1146326069630168,0.34608518256882864,-0.21965058167653903,-0.10581772601398183,0.6729541976146366,-0.46914489756651057,0.22941836992899145,0.97919925638672,0.7104671804516678,-0.23173694020476945,0.7085805149044292,0.3538742841715792,-0.16496457418016175,0.039536558975570964,-0.027764532326386617,-0.9808036637988213,0.39091485542163246,-0.8020235593566787,0.22608205258870664,-0.7427636980649918,-0.4918444312741263,0.31395064097570957,-0.21863127974008859,-0.25155328335070465,0.34212714434830394,0.04284799462606871,-0.0484061084760697,-0.28605440208691735,2020-06-23
56,0.005009984194435593,0.27692058437448575,0.28965606924850495,0.029018788790805345,-0.15703865083884488,-0.3960077690854945,-0.20519217334178672,-0.24912961002158937,0.39912799418895456,0.7600450912650953,0.27423452400473114,-0.4499345402210201,0.15711902825474572,0.8595092514149154,0.09838557412301915,-0.04626984281288117,0.10271033845729308,-0.3971381822723211,-0.8606703861966006,-0.21672158722772397,-0.26678757972558786,0.09658107933054078,0.4642421899860294,0.22869628043659548,-0.16973266756375516,1.1493505851566772,-0.16005472737539167,0.6293303681218613,0.36099220751372924,0.18008763367475894,0.6070324017477232,-0.5891581635948304,-0.43378129847042146,-0.7167795398796536,-0.3001700338352624,0.06081296702093675,0.27263020393351783,0.38167391527538413,-0.3990720689000338,0.25781796628563663,1.0881144504844231,0.13625820013199058,-0.44967295422642956,0.4270870198217096,-0.1423626386574608,0.4317273555199748,0.5860873581857395,0.13534524380406307,2020-06-24
3,-0.1004460084120013,-0.01292380943341172,-0.945930839106848,0.13174122507661196,-0.12671967305047602,0.024385343898619842,0.21508877948188593,-1.2890313643831703,-0.32140564335781674,-0.39319304158181523,-0.024421347515742833,0.9262078285010606,-0.11182817062157721,0.03626216088342344,-0.01406304096335873,0.21346668614106876,-0.9223096775387019,-0.070336187013019,-0.0691570016713662,-0.6728916290159167,-0.23002999268222987,0.23347263186045394,-0.3699485510724026,0.743192887721732,-0.3099046072013962,-0.19886443220846572,-0.194308174585327,-0.44452696230177685,-0.2650782361878417,-0.24177108535621422,-0.4800607521693192,0.5478443081781489,-0.21150920409258364,-0.038449180746233484,-0.4321547599931466,-0.450483845463058,-0.13910167653413183,-0.4746880342971089,-0.12276593943411888,0.15797768332825068,-1.2844909937119993,0.1242133297381513,-0.43903115670398035,1.264053617916527,0.48454802305778866,0.4826448429547754,-0.04967617600566756,0.19654654569647914,2020-06-25
85,0.6537539683555336,-0.591619195496443,-0.19018961873155046,0.07000797483193519,-1.2009405210372115,1.0488713009279071,-0.8768868981162489,-0.37256137450216686,0.5881495325116093,-0.08627126431242856,0.136706499502465,-0.25941263077095983,-0.1403719606927734,0.42401132906307804,0.22441165255765613,0.2764878486712047,0.04254578879702497,0.2520005504946952,0.34345803639803396,0.26572742671379307,1.3006199566851524,0.2716307698142668,-0.37113807270967497,0.41839899829812965,0.7483497526258945,0.09690813241660443,0.3955962061999872,-0.11084697655391543,-0.2866915892140052,0.0628941414286953,-0.5013269130686484,0.8363686687265005,0.18986947931409062,-0.31472054800191107,0.42200415552157994,-0.012373244168815838,-0.24198018155650372,0.07095855566034014,-0.05173179241968865,0.6320326337738963,0.14240231356601607,0.004192723577260243,-0.466314044604702,0.3805166911010111,-0.8776029728290349,-0.18186209711888474,1.2264410445537126,-0.11822745730239492,2020-06-26
53,-0.7561023047403839,0.7149340729516102,-0.8089150378714947,0.24679896102542975,0.08074767481737814,0.7671835421584823,-0.6687490311829892,0.7116070481035967,0.9818527054939231,-0.5983774170888273,0.4617629498783873,-0.8086987746392281,-0.21406388212908392,0.24695040107942814,0.003611327135165215,-0.23606333722050465,-0.2149912423886151,-0.5730177843994954,-0.19813616660602953,-0.6389114695354322,0.3330554273286262,-0.8846538654663886,0.1403716073067417,0.2626411422816594,0.34906768874065136,-0.6503138956063959,0.3780901430268508,0.5116477517021776,0.764707796419646,0.20602350177557696,-0.195446341699957,0.2925638759563586,0.7017774501037134,0.0037470280407309797,-0.2827102835255063,0.0006957677197936152,-1.1313412931255074,0.9020354775317858,0.34713539359629403,0.23010911701223197,0.16535841127416512,-0.5498659436507103,0.1857589519802782,0.312374398030948,0.3141416547535258,0.855291322619754,0.1954689575950208,0.08085210744629373,2020-06-27
50,0.2678225722303836,0.21635626279663148,-0.6758839173403418,-0.15956669949417449,0.0852714694010006,-0.058968784782424684,-0.1949322886450016,0.9488768235625608,0.15398819972229502,0.05070130908964409,0.13879777573117213,0.02980557333901078,-0.1436257223113371,-0.4991237575377145,0.25075967569503865,-0.5035110038532097,-0.16352639471241037,-0.1741696137216449,0.3577711616087498,-0.7798407189830928,0.006775855946055215,0.12296789956848109,0.07577559382748612,-0.42075259314704905,-0.31083170056824616,0.4487310684629383,0.017360556275520415,0.6570551202176147,0.49955798329819273,0.6683722257602631,-0.46307010450137537,0.6238698466912423,0.775836473631595,-0.34521541206645123,0.12024743782678947,0.6055742673025212,0.2987178923647776,-0.4870450660790596,-0.5230158513054792,-0.45145541383147436,0.18275279107787476,0.0166467406372422,-0.4237294472412303,0.5043429202667616,-0.5346991077363022,0.2974754752533945,-0.5013610050463876,-0.5687533321725045,2020-06-28
24,0.15320110969865408,-0.0448917240780813,-0.317489698061503,0.4897574354260472,0.15569873122182384,-0.24395923796739283,0.40886100882038307,-0.5774187054204859,0.5354385656659106,-0.8830803739683031,-0.11742295374846073,-0.4987853678732603,-0.6131521925433872,0.16561001223006652,-0.4104040920772908,-0.05440309970345926,0.03151137708551542,0.00567264705392638,-0.43356833341646694,1.1254720248658088,0.7082227870180008,-0.059997053237145485,0.13001216355464085,0.8672763691859666,0.09677077551580669,-0.5969389151509117,-0.8290517132752127,0.6459616898477614,-1.202010944612506,0.34820509786489834,-0.405688808200894,0.7717885131277192,0.7898959537216361,0.7306159366204317,0.38244636974569046,-0.618500383548145,0.0018391953771399114,-0.24405551977168743,0.44225944529551653,-0.23575255071315526,-1.0754994218611804,-0.2616724168948704,1.0851721691790657,-1.1564320673704114,0.4482035115864662,-0.6405176189737349,0.22841816086811248,0.15365278744004757,2020-06-29
